user_id,centre,grade
e7f2785a8d72492bb7e90a7d467fcc15,INV,Grade 4
3e6b33f2be694c1fa21dfb44ef8303b3,INV,Grade 4
8f67753c8b4f4bf98e4244c3b7719e48,INV,Grade 4
45b281ad45e74774a37b9abaac73f618,INV,Grade 4
d26e60f78d18474fb6000e594067079f,INV,Grade 4
dabda5cf015b42309fc4238f03f5bcfa,INV,Grade 4
7fbcd7c2557e47559be099b6535d0d68,INV,Grade 4
304231d70c164db19d1f00af66b94546,INV,Grade 4
16ec8bd6b1084128bdf80c44cbc409d3,INV,Grade 4
5944ed98993846d88a5adea9fdf8340c,INV,Grade 4
76431476f6d9457d928b128d193c5ba8,INV,Grade 4
35bd72e81d0f46d1971c2d148b74404a,INV,Grade 4
f7f3ada88fe54cf1800de94269319357,INV,Grade 4
d9ce721f389b48e884f9c34567bb3523,INV,Grade 4
8dc3af5a278d4598a98a4203a43a4f4f,INV,Grade 4
a30c185bb9ea45988423721223fcdbec,INV,Grade 4
58761290a65d46e0b1789447f27fc174,INV,Grade 4
4ffd83b57b8b43e493708d42640e6bfb,INV,Grade 4
ed8a6e957bd94ccaa72e6b89d57035bd,INV,Grade 4
12051056856e41908b5af88d7995b401,INV,Grade 4
822e70842369441e9ba0eeaccb6e7539,INV,Grade 4
fb3195031c5043feb83723ec1954c9b1,INV,Grade 4
f7d115ec31c644fe8835bd4ff225ddcc,INV,Grade 4
ad1546f6eb4340f2839a480ff02d9310,INV,Grade 4
7895c6c0026f488f8daa2ba8d0fca058,INV,Grade 4
7864f3ff8c804c14958b810b92fe1416,INV,Grade 4
71069a805037418aad454848683845be,INV,Grade 4
63d0349619ff492b9b06c73c94d8b592,INV,Grade 4
5cdc6e9bfb95424687ab301bf3c2132c,INV,Grade 4
cfdb833612b845e88fe548aaea5591bb,INV,Grade 4
76be79bd506b4f36ae026062b2196144,INV,Grade 4
7ac3bc4691b74a27b08ed396288a50b0,INV,Grade 4
9045d3d5f49640f490a96328f1b8e0be,INV,Grade 4
5c94f36e20524ebcad3d41d019d2bdc1,INV,Grade 4
3e2999f384e4428c82eeb4c71daefbdf,INV,Grade 4
c51f24db67bd46fe891aaa388ee0bc95,INV,Grade 4
770d5de322db4276b44c23da165135dc,INV,Grade 5
3158f5c94d354846ac012032cd660b31,INV,Grade 4
351fd7dda7524219b0a6daf62088f70d,INV,Grade 4
58a894ae0e0d41d6af71f5e4fb2d21c7,INV,Grade 4
632e133aa62d4676ae7680ea1303e772,INV,Grade 4
7dd922217fcc45bc942edff0bfc4a217,INV,Grade 4
b645bdfc820f44c38a1cd6639c757682,INV,Grade 4
7e72eb37bc7c4de7be0b48c84f39a69c,INV,Grade 4
b5cbbc35aee84d5f98364878f9e7fb82,INV,Grade 4
a0c1c64d947f4484a69ab97f90a26d7f,INV,Grade 4
c8362f9bc1d44828b36e44db281564c9,INV,Grade 4
c830054a39344772ab2a1ad69fec256c,INV,Grade 4
f2a1165f7d554cb5ae65bc2b3c5febb2,INV,Grade 4
3cb0474d31024b568accfa8947289273,INV,Grade 4
b39fc2f09b734fa79f3945c37a64f5df,INV,Grade 4
3a70d24b57d44273b83837deb4cdc630,INV,Grade 4
68861173677242e6a6e221e338119e81,INV,Grade 4
94246e04d9a748a1bae2ebf2e27f3300,INV,Grade 4
ea4dfaeecaed48c78e03b9dd245ca7ae,INV,Grade 4
78f4efe51a974c8fb53596c2b82ee010,INV,Grade 4
d1048dd8e761422e89ff7840cfeab657,INV,Grade 4
ed73229e448446d4a9a681bc4cba888a,INV,Grade 4
b53fa4d9b3ba438cbc0343da17800e51,INV,Grade 4
abec57fd74cb48dd8707062ac155de9d,INV,Grade 4
fd4c12f33c2b454eab67afc094b11845,INV,Grade 4
fe4fa427895b4449ab85f794d82f2a24,INV,Grade 5
a9e76ccc43b04102a2116046cfc7e0e1,INV,Grade 5
d543567a66d9448a803743e4e56f4749,INV,Grade 5
cd2297f90b424331ae22fe03c1b77a8e,INV,Grade 4
820695fbd67f4fa89f53c62f4ce6bbc4,INV,Grade 4
9336a83864f84459b79d4af71e823393,INV,Grade 4
59f38cc414924de0b5e7e79b29ca570e,INV,Grade 4
9de817a92b104dc8869c40f90bea2802,INV,Grade 5
17d3f1a328b9417388d357ed9c5bb097,INV,Grade 4
4fd92558bbaf4f6883777a5de88d34b2,INV,Grade 5
47fb65326089407a8a6266e12210ee89,INV,Grade 4
342c82da59bd451580be16683e6d9aaf,INV,Grade 5
c2e6534081474f6592b8e67c428338e4,INV,Grade 5
2a16d0b34d594e01a358032db7291eeb,INV,Grade 4
c8b16296d8f84d0f9141a0d9834c1e54,INV,Grade 5
ba8e62ebf4c945a98f5b82aae5d04618,INV,Grade 4
d7c274f31c6e4b5daabee4519088cd81,INV,Grade 5
3072e90d7b074aec8b50211679722b01,INV,Grade 4
99632631479042a1a696c62d8c16af09,INV,Grade 5
82e243b43a12431db02fd80e88b51120,INV,Grade 4
9adecabe4b164c9db0674c104418fbba,INV,Grade 5
d85a80cac47149cc9afc4577d795f9a4,INV,Grade 5
abff75839511430cb24df0d44ca71b01,INV,Grade 5
4bc80e876918486da08f005443e39724,INV,Grade 5
53506037b62e42a896187c4bd91de195,INV,Grade 5
cb03b64ad91f44fab76bd4be0254371d,INV,Grade 5
7f9a453e768d452f9c7b88e447e8b46f,INV,Grade 5
639cd7e4cd0a4bd6853b7e6b9ba1e0a9,INV,Grade 5
19fb1b682a5445a981fad73c5776e7b7,INV,Grade 5
002651a9c89a4f5ebcd82d6c3886d483,INV,Grade 5
ec762c01221f4a199ab84e7d2c80dc75,INV,Grade 5
c833e8b7e5dd495ab4fc0c554e7b2dc0,INV,Grade 5
172dc7a20c5a404a99e2a1f3476627b5,INV,Grade 5
40dede7f7f2f489e8a924ad0711bf228,INV,Grade 5
07733cef5b824f248fe6e6d5a2145e06,INV,Grade 5
29b5bf0a4c9c4b1cb926a1f8bd5e97e5,INV,Grade 5
b5f2321ba0964e148f5e4a73e32c492a,INV,Grade 5
85fae8c57b0a4cb395fca47fc251394c,INV,Grade 5
9b83a880eeb24dfb8fae54e652d1271b,INV,Grade 5
5ee06a776b474d50b081c87f60321d82,INV,Grade 5
aaa00cb20ce3488ba1b312042a271723,INV,Grade 5
851a73205c664adda5320549c2704815,INV,Grade 5
653788d57dc24000aa4883f87c72077e,INV,Grade 5
332aff9366de4a7982e4c0ec2ad8f089,INV,Grade 5
78f3f087d9c24f1c90842e85055c59b6,INV,Grade 5
a017d707622c4d969720998531dc68b7,INV,Grade 5
70ac901bd0d245978bfc4ffc5521cee2,INV,Grade 5
8ca31c9241b24e47aec823e12c57f39d,INV,Grade 5
2def617632464c6891457f9e024aa10d,INV,Grade 5
74f95cff33c04078bc2ac9089a114c21,INV,Grade 5
b3ce03c1318f41fb9d91ec8ac9f1da19,INV,Grade 5
9ccb1eae070940098c21061057f751c5,INV,Grade 5
998f8e9d2f464101a5a45ac8a1f3adf9,INV,Grade 5
47a963b4013646ac842455c521cdc087,INV,Grade 5
bf21046bf89c4a79b56a11faa6b823eb,INV,Grade 5
4b101caadb3645a0aa44ab6e25efc37d,INV,Grade 5
65b26964e1a0416ba26869ccf6b05fc3,INV,Grade 5
3279b4ed90094009b8fe120aa06603f7,INV,Grade 5
b18ddc5c6af94813a0e4a96ce9513db0,INV,Grade 5
0fe81b98de564109a533f1dc3196507a,INV,Grade 5
c8768deee63d422b9582482606a25b52,INV,Grade 5
fdca48639253411a9e11468439c2227f,INV,Grade 5
79dde2f9d9274fd9be27de20e524514c,INV,Grade 5
ad049937253f44c59a1d21c1baa812d7,INV,Grade 5
06361641c7fe4ee9bb7719fbb36c04e8,INV,Grade 5
2ecc78aa5a5b4629af214e47b4b59f0a,INV,Grade 5
30254f9c45f14c9aa57e12a1f0823996,INV,Grade 5
6a8f9be4e801417490afe9bc0f58dfb3,INV,Grade 5
9142414a4b7141bcb5717f7965f97961,INV,Grade 5
f9b03084dae14bb29a524c1779d145fb,INV,Grade 5
be37d34bbf6f44458ee307c1b1310e84,INV,Grade 5
3451432ba7864599833101ebd8a21148,INV,Grade 5
cdf7b8c225334e82bf70627d1eea6ee8,INV,Grade 5
9b5d45024ef749febae06c74df4c5b5b,INV,Grade 5
f288bfe33da54d19a26c00f9e0c4e575,INV,Grade 5
019773d1d5554ca6a7076da00070d7b1,INV,Grade 5
f2d4a456a0b64e93a23f708739912357,INV,Grade 5
764920bfad5c4645a44f431443bf6c47,INV,Grade 5
9bb31311076a4e6d861f4de021acf342,INV,Grade 5
32ad4ff1d4d5477f864c5e1efd183521,INV,Grade 5
81eeca5218da40608bf313cdf1c2f7a6,INV,Grade 6
b52669e744b846b8a440ba26981a5669,INV,Grade 6
b4ccdc68909f44d49b5f95c1ade57e97,INV,Grade 6
ce70265ed4d1437ab4fb06d047314e43,INV,Grade 6
ad53a36ab8574c1ebb2da5f8c187ae3d,INV,Grade 6
d859a28a19184114ad232f012e733da5,INV,Grade 6
b4719fa999b04e5c9d3881ddd8f8afbc,INV,Grade 6
6aeef829fc4d49eda83db0f39f4d3586,INV,Grade 6
bd1a85d3a5bf43dd9e6d91d7b418e7c8,INV,Grade 6
0c87b2ea39a543d1843f8cb5a4c8c329,INV,Grade 6
3869187325374baf831a5baf08d86142,INV,Grade 6
278f0d150b844b26ba98b5267d41bd64,INV,Grade 6
ef9ded6d22cf4144b53d51f092c4cba2,INV,Grade 6
6984d17a8abf412fa35f769ac8411ef0,INV,Grade 5
8d0027787c614826937fef575e5333a9,INV,Grade 6
e0ce7c8133fd40b4b600cb124214fc0c,INV,Grade 6
18bf18f8fbf2411392dca5fea42fb314,INV,Grade 6
5306dc014a43454da275108281fb6947,INV,Grade 6
8d1db25c21da4fe680c37a629571bf78,INV,Grade 6
8592aac99bf14a2e80573e43bc35b2e9,INV,Grade 6
9056d9b36c0744a8b059ba7588e1767c,INV,Grade 6
f1c184a9e88a4b0f94967ea09cc0f2ec,INV,Grade 6
71e6b8abefe64d0e97702c8f44db2e8a,INV,Grade 6
b61d040564b240bdb7d7614101bbf187,INV,Grade 6
69ff334cb507491894078014dd0e61d7,INV,Grade 6
301d46604fc34c50b69a035fe75ea358,INV,Grade 6
dbe34659e86b42d4b62320786b5a3f3e,INV,Grade 6
f9f3b3bc683c47c4a5f7ba7c9cfc42e4,INV,Grade 6
dc622f87aea24bcc9faf9fa5f15eb8ca,INV,Grade 6
9f163df00e344501ba6a523046fb7c11,INV,Grade 6
4fa01c12423140dcad76173fffc415e2,INV,Grade 6
4c77c0befded49e98f71130e4d143394,INV,Grade 6
430e90f9edf24bd18be1247ee7ab8b73,INV,Grade 6
7cbbce6cea304471af726800b14c7b03,INV,Grade 6
573db37ced56453b8111baf841c85a44,INV,Grade 6
433881523b064672b0c03a92b06b30a9,INV,Grade 6
059d3f808484479a94f4a9df6be4bb3a,INV,Grade 6
61949bf8cdda4c4196b4feef482d34a9,INV,Grade 6
b6058e1a9e5a4917875b49f1a2cdbba1,INV,Grade 6
c9dbbbac93854321a5d6e4a0fbd76c4d,INV,Grade 6
0c1547734caf42bd9912d9f06f0c909c,INV,Grade 6
9b0edc62807e4f729fbbf65d09447508,INV,Grade 6
579c4530068d4136b71b5ee7d54d0366,INV,Grade 6
4a57aff7d4e64e15b2263b1552738822,INV,Grade 6
64403c7d0c654723a30f26786bad3210,INV,Grade 6
bb4187d8c4b74694b4d38bf54f75d160,INV,Grade 6
bc4385a52af24c57b8bcdc4dbaac0582,INV,Grade 6
52f2707cb4164692ab5d4ad282b40491,INV,Grade 6
824bbba238534b98bb174f23a3521148,INV,Grade 6
1d8da9f0dce84a8f842f87fcbd084c99,INV,Grade 5
b0c73c51ab8642d6994fdc1f9d28bb14,INV,Grade 6
6ab491fa82154e00a3576e28460196ba,INV,Grade 6
e3f69e13e3984af285dd07ab67682df3,INV,Grade 6
ef8dce6df5694ce5a28bb67ba01e6d9c,INV,Grade 6
e3e092678f684d828318c75e42fe07e9,INV,Grade 6
efe8569290ed4573a03f8c589028c286,INV,Grade 6
186d14f2b5184ffcbf9fcbb21cdca45f,INV,Grade 6
d6cf7933bda44d8c8d8e05796da0cff3,INV,Grade 6
5bc000d583b84afcace46ae568a84ee4,INV,Grade 6
ed06455d06a842d78f3759f60cf5c006,INV,Grade 6
a064095f7d524359b406233677b92ba7,INV,Grade 6
6d1d53e3e2b24465963b2e2217298262,INV,Grade 6
8e2722d32fed4b1ba175284e1c907bc7,INV,Grade 6
1469a50a66274cc3a26ca2f4e20071ba,INV,Grade 6
e9271730d79e48aeb04dd83bc30d3230,INV,Grade 6
e737d052a2624416a2c8ab78c3a8dab5,INV,Grade 4
61f91c7a773440cd9bc597ffb5c9d19e,INV,Grade 6
4a00e3b7c3ff475a864f933f2325379e,INV,Grade 6
e2a3e47180f14ff7b2930612488c8fd6,INV,Grade 6
c24634ed2ed34c5bbe4d46de809a47d3,INV,Grade 4
e0ab9f2915e14ba993bdfebbc40951be,INV,Grade 4
fbee62cd272d4c71ae266ab9819ac277,INV,Grade 6
d1457a793cac455fa46ceaac9886e714,INV,Grade 6
b0cd385df69b42fcb811add307e12e71,INV,Grade 6
a1c203f302444f77be0193f384736443,INV,Grade 6
16d6cf433fbc4e58a0e180692ca016fe,INV,Grade 4
514289cd537a4e36985d633a2ebbe572,INV,Grade 6
647985ddd9b54adea5353fdc01d55db7,INV,Grade 6
87f53dfedff92e6924ce8161d6b684ab,INV,Grade 5
52ed67b4dd234f72b6f85a680aed2648,INV,Grade 6
e5636d96d9976eb5ff06a7c5293a46eb,INV,Grade 4
3734cc4d39274e8e9ceb877ae7400067,INV,Grade 5
e6f14a678aa24c82b3215f017fa3362d,INV,Grade 5
bce9940e730a4f2aa6df50d3fc206af1,INV,Grade 5
124058578e9119409e43dc2cbc2cc063,INV,Grade 5
623059033e3b4ce3949eea38a42a741e,INV,Grade 6
115401df406d421caa42fee52d7bac8a,INV,Grade 6
fc5e415e870a64a23d64c34b7dfd762b,INV,Grade 6
564cd4cc217c45bf937c7f1accea3245,INV,Grade 5
97911c0f82734bb5b86f5cf2f2616626,INV,Grade 5
b701ebbf0a97e5eeffb0c8617612c929,INV,Grade 5
bdf7810426c9d6ca28ac9adaf6749dc3,INV,Grade 6
c6a83802b6f274dcb31ddcb3a4be1385,INV,Grade 4
f472c785272043f1b60aedad23a1191d,INV,Grade 5
3995fa4bbdae9e3dd561667bbb65c48d,INV,Grade 4
f600b4ed136e160184e8c32098399b5f,INV,Grade 4
0faefb970a814543bdb10be96efaec4d,INV,Grade 6
4e71de5513a342618e8dfa09880cfcbe,INV,Grade 5
5f2d5dbb128633454e6d8a2aec376e22,INV,Grade 4
d180c087980b42598e22f12e7bf37eb9,INV,Grade 4
bf813ee291b64fd3b2f52a68c1b4935e,INV,Grade 6
da28ec5c60934e2884399b6fefcbcd3c,INV,Grade 6
825bec0a60674c30abd2adfcdaf1939b,INV,Grade 4
a727a036123d4bcfb72b40199ab47d24,INV,Grade 5
d341a11d764a4feaab0c1fc49a0839cc,INV,Grade 5
1c4e0d8a0e094ab3abc4771650c64103,INV,Grade 5
5de7a4d843fe8a7673d9475fd3cb338e,INV,Grade 6
b09f537b5689e6689781414a37a13c85,INV,Grade 6
d59139ae39054e61876d6596e514c9b5,INV,Grade 6
96e65d06c7f4fcd475d367ac1023d844,INV,Grade 4
a9a9f2aeb84c4921ab12f32b6400eb38,INV,Grade 4
0775e3f14b5db514772deadf06876142,INV,Grade 4
5c16eb3de1b613ecf0da1ca85c971290,INV,Grade 4
481fff52a30f4e6f932c62cf0dff24b3,ING,Grade 4
f623eed14db249e993011878ef272fa9,ING,Grade 4
23fbd649e9854064887977758899343c,ING,Grade 4
abe28562f6734feaa7f01e69c104f0a9,ING,Grade 4
3a3ff6baed5841649ed69c0a04435d1d,ING,Grade 4
d03c15cfd7f6453ba4fb6b935f4c4516,ING,Grade 4
7a73df09241c4640b4fa675be07ac2b9,ING,Grade 4
fbfabbebcbb74cd49f1ade2e33c21fd7,ING,Grade 4
3a37c1850b32480084637b609ccefa9e,ING,Grade 4
b8a11cb66ac547269b003249ade3040a,ING,Grade 4
d489036d3fdd45bcbbbd952ac18c9116,ING,Grade 4
33cfe2ad1fd640dfb03b18e4407e0424,ING,Grade 4
2d93a6915c614052ad8481ee13f57ec9,ING,Grade 4
ebddd41add5349aca7fb1d3940bf5f43,ING,Grade 4
4d31c3c18db64e7aab12abe6a28577a4,ING,Grade 4
fb618cc4f3884e02ac72dbf85fc2f928,ING,Grade 4
9358bd4d65dc42228c736fc00175638d,ING,Grade 4
73f73b2aeac84be8a36c6283acbebaca,ING,Grade 4
60137e9cc84c4f97afa9239cbd889c35,ING,Grade 4
29dc16c3b7194fee9b330c65bca7e688,ING,Grade 4
edfdfabbd11e4242bab129cf6b28709b,ING,Grade 4
3f7ac61640e44a87ade1421c91fa0c2f,ING,Grade 4
939d94f093764fa3bfb8f36eb0717015,ING,Grade 4
5823f1e45dfc4d9bb7d93e85c7115f2d,ING,Grade 4
6a6ab3f4acd3479893e200cc134436e4,ING,Grade 4
4a2df3959e874fc2af7f48a9113178eb,ING,Grade 4
2fe234cf79ef4d4e88d443f77bc4e66a,ING,Grade 4
f4be1f0425dd490abca984945f426e9c,ING,Grade 4
94c08701b31d45138aa3219e459448c8,ING,Grade 4
ebdc4a2b784445fd981e5e5d972969f5,ING,Grade 4
d3e76462af234008a2120aa43b6b1c96,ING,Grade 4
8222325a644b4928a7ae0d3edae2d6a9,ING,Grade 4
baded20afd0e4e71bcbb3feeed363ae6,ING,Grade 4
71b32d33de6441c88acff86710dede7a,ING,Grade 4
c3030142b1a24dd9801dfe0deea09ef9,ING,Grade 4
76cdf8db73c04e069dca0b0146ed6d87,ING,Grade 4
734ac54ad08947859a3e6b3288938e9f,ING,Grade 4
72229f11080346dba7c3fc0a1ada8874,ING,Grade 4
efa13ad6bd964985b6c332c8e64b3819,ING,Grade 4
5dd0f85608ed4402b2a00912ec431dc0,ING,Grade 4
575c7322bcfd4dfc8fcb4f44331a204c,ING,Grade 4
cce4c6a10ae343c9bdc152dbf5227c1e,ING,Grade 4
e7a171cc4d8a4772affeb00a04812785,ING,Grade 4
7a081b4b82104031a18aa257d236e900,ING,Grade 4
6959fe4bb03c45ea90e1df926549e5e5,ING,Grade 4
70faec3490dd4ad4ae0fec895e0e7b90,ING,Grade 4
d820b1336fc9442cbfb85b98bbdd6132,ING,Grade 4
2175ed287535463bb0d99cf891b824f6,ING,Grade 4
ce5b1220619540e0b7cd9ca3f1c6ac3e,ING,Grade 4
0d1e0807c1a247c1acc02437194e3088,ING,Grade 4
fc74a34293554c3399ea0828daf0aa89,ING,Grade 5
1778ebed17eb4854943997c25bda9d39,ING,Grade 4
d24852ce6f5647fcba0e6ce62f5a6e2c,ING,Grade 5
c651e44a0fc34ff6b4ea03fcde7ba9bf,ING,Grade 5
5be9a31f21474fa290bb5147719db5c3,ING,Grade 4
9d06af9aa70246c78c51fa043c86638e,ING,Grade 5
0c9f84b9f6514da8867b58dfe3fd15db,ING,Grade 4
59d890d51dcc424db238e2f383b72efa,ING,Grade 5
422636be02604c9da71c0f5f9143b267,ING,Grade 4
3e023583a19a4653bf6eede663383b25,ING,Grade 4
7dfcca490a814107a2bcef7f43689d9a,ING,Grade 4
cc5d236b45b745de9818278a6e261416,ING,Grade 5
e3683ea13f404aebbb1daa3ace4d457f,ING,Grade 5
2b5102e3a9cd4941b2c091d333689fd3,ING,Grade 5
020d2f0c92a947fda0c23a7ae2721b92,ING,Grade 5
9a17c25cc9434c2c8c5ea3e5713e5473,ING,Grade 4
123d02977f5443aab8dd8ccdd7b99e8a,ING,Grade 4
6d99d1cf18644014ad053d931a792f83,ING,Grade 4
eb3a474a364745348179461be2604807,ING,Grade 5
e115651781d94f88af108a60f1729dcb,ING,Grade 5
f275d4d89fe04936b9be819d94276a3a,ING,Grade 5
bacf47e5dffa4fd1b39ef3b94796ec03,ING,Grade 5
39cc78848d9d4a6c8ffcb77532ad5e26,ING,Grade 4
e0f13bef0813449dbd94c6435b347358,ING,Grade 5
61b829262d574a2a833d0b2704a43d92,ING,Grade 5
0843032565bd4df4b5aae5a7ea5d45ef,ING,Grade 5
624516766c2042d8b57041e8a4413358,ING,Grade 5
885977a7cd6b4e198c69aa651314aa1a,ING,Grade 5
f70dc28a11d14666add1baadfe8c9d38,ING,Grade 5
b4f2c525e4b44376b7a4277c256996db,ING,Grade 5
644ed7ad0ca64aefb3b23deceb752934,ING,Grade 5
9bf8d03f5a934b2b84e75d5f25ac0d64,ING,Grade 5
071b7bd408c347df8d2e52a556e850b6,ING,Grade 5
1fe54524b8ef43b9948189d73aaed518,ING,Grade 5
fd0bc79cfb064d81aba57a8e8cc651e6,ING,Grade 5
c73e2836aa3440ffacbb9c7a7563f932,ING,Grade 5
06e4314ad3594fdba4c35ef6754468de,ING,Grade 5
1624332d91ae470cb53b59bfe2c4614b,ING,Grade 5
7a1960d86766470b872ef4969c724421,ING,Grade 5
526a9db6f18d4b19a21d12e720f022f0,ING,Grade 5
7f56a26647084d619ec19a904cfc66b9,ING,Grade 5
1e64d0d4f1d3467a830441cf15bf493b,ING,Grade 5
8d1f913f5e5e464ba720434bc83f98b6,ING,Grade 5
b3a22ac5309445a49893ef3d1a7159b4,ING,Grade 5
64b53beeaa1d4f3a8ca1dbe1fd8c10ed,ING,Grade 5
cff824bc255a4b2899966b5dfe6a0bac,ING,Grade 5
497a16d93ccc4f7aacbf541d6a7771bd,ING,Grade 5
14ed73fd7d1b4ebfb9c82738a97b851f,ING,Grade 5
8ffbfc608a5246c2a7572c52d58c3d1a,ING,Grade 5
4838301de1994172a32a9a98e2385941,ING,Grade 5
ae982bf1e13b485aa4a8fa762e4f5479,ING,Grade 5
5300f06e61df425b9f2df660cfd26f28,ING,Grade 5
2cb62eff88924ac6806d2f2764e6cf02,ING,Grade 5
ee0f5677d28a48fc950d342ad0a32022,ING,Grade 5
b9b80af98d0b4a73b01a879c290150b3,ING,Grade 5
2ac572650fcd43b0b94b88d9bf82ac74,ING,Grade 5
8e2542ef9280473fbc18f1be4e81f155,ING,Grade 5
4c3be70b0f1d499b86cc8d27f21d543a,ING,Grade 5
3add0fc24ac34e0ead25f237a54e6575,ING,Grade 5
10d1b988f7b04877b295578476497290,ING,Grade 5
3b3a748c7e6f4421b479917d11a47145,ING,Grade 5
943abe00a6d34ab9907841c97027179f,ING,Grade 5
9d0aaf5120364f6a94e6341af7e48002,ING,Grade 5
c94b078693554ec383320266ebe9bd38,ING,Grade 6
939eeb786094451680fef27cd16e7e34,ING,Grade 6
3b2f3981f2c8460e85c03ce19dd46b81,ING,Grade 5
8e6a0ff86ffc48d686a2554e2583a460,ING,Grade 5
5195dd6ad40349a18ba41baf33f108d4,ING,Grade 5
10b1f60b6fd446b582edbe39c36c9bea,ING,Grade 5
3b91fa9148194f6d831d39f46dfb9c17,ING,Grade 6
228c5d4b386e46059eefae49fc4d3c8d,ING,Grade 5
22606e3e8afc4a10a2da05577f697ac2,ING,Grade 6
9c683a9aea1b46af83ef96a4c5d038c2,ING,Grade 6
96199eae2fd84753b3fbf4c5151281c8,ING,Grade 4
ecf383a96aaf4ccbaf8373e34e701071,ING,Grade 5
01a94cab5f8f439cb47871f49abd38d2,ING,Grade 5
b17b4e62c6c44ee9baa318646d844cb6,ING,Grade 5
3a18300e36244d5ba7666a3c00206547,ING,Grade 5
fcd85f8116b74810b710fca40e2b85a6,ING,Grade 6
142795940bbc4f728ec2279838ee6e18,ING,Grade 6
3dfbc81df9cf4e2188ef51f9f46f1a9d,ING,Grade 6
4186a61702b0456a9608dd10e8a517eb,ING,Grade 6
1e382934c6854e0f8d4077a029a2d10b,ING,Grade 6
694d3a87114e408eb19cfb5df52aa441,ING,Grade 6
ff87adf9c52542778a77005d77d78138,ING,Grade 6
1bf7a5f7999b4472887d1ad716167472,ING,Grade 6
4d4eaf10e81b43eb87b87caa53688219,ING,Grade 6
19989513e6174d0eacded3e9384debfa,ING,Grade 6
dd8a7e42616c4feb9971c240e6f82791,ING,Grade 6
06b4c299b5c34b74b8fada472901db7c,ING,Grade 6
d8e5115ae8b9404fbf0f22a8d55a9057,ING,Grade 6
de5cb0cd81864ddfbad414b643b13e39,ING,Grade 6
e024e6bb314f446cb8f6f82290eef3b2,ING,Grade 6
b137de29f4d1474a9250ce885e16c161,ING,Grade 6
79b49ec864ce4e7ca960192f22072964,ING,Grade 6
ecf1313e77374d0598460f20dbd507cf,ING,Grade 6
caaad921d872421cb8fff041c6193943,ING,Grade 6
5f0ca3103ad0493faaf78dd0726240ef,ING,Grade 6
1e6943a096834ef98e9df8ec6e00f9fb,ING,Grade 6
06a4936a79904174bef63e27bedeec6e,ING,Grade 6
c1830a426f55400b8d15f03e48e7d016,ING,Grade 6
926c4fb5835c4ef097b00a48b40fd30f,ING,Grade 6
926257ce69fb43d8a17044a9a441f0be,ING,Grade 6
34156c1931644d68b9120aa1114cd7b3,ING,Grade 6
a07e0c6827be4549b72cbf1cd7ba92ba,ING,Grade 6
14a0d52d535d45ce9de0a7c9c6955df3,ING,Grade 6
c5a82d8003be41efb76c158682e2c893,ING,Grade 6
f73896eb33d547b1ba184af14a42e4e8,ING,Grade 6
8b2e15a318964724830dc09257c43372,ING,Grade 6
b7eaf8d5dbc248aab9e9dd4f4c0a155c,ING,Grade 6
bd472d03bced45aebc23060c4fd0226c,ING,Grade 6
7f8a369d6bf041b88f50d91ec9c16cc8,ING,Grade 6
6cf94904b4bd45e18a2278fd48f3d751,ING,Grade 6
f67e96226ef44c06892e35ff702db655,ING,Grade 6
31429800d168417b9e13864f3c825e66,ING,Grade 6
3e66ccfd51a542ab83f773bc82c71727,ING,Grade 6
c8979fbc46314882bffc6bf7fbc98472,ING,Grade 6
d50608c7dfd040fdbc0b5d7d845c7e33,ING,Grade 6
42b2d1e5633d4db3bff2f051117f26b4,ING,Grade 4
854200fba525e868c73fb41a4143ccd6,ING,Grade 5
323ca20843614c20a192759d11ad0239,ING,Grade 6
92e435b45d714b55b9d1eccb666389e5,ING,Grade 6
4ab9bf683242427f9a800e67d0e2dfda,ING,Grade 4
ea0d776a6c4441fda6fe864f0567d521,ING,Grade 5
90decfe2e0bc4e42a9d0b810d7e426da,ING,Grade 5
2ecf534536c340bf88267c10abc9e4a4,ING,Grade 5
61d6d282e381c9095eeb04d05745df15,ING,Grade 6
aa945f8e6b714ac7bf489db0a60d8ae8,ING,Grade 5
7162def0589c4c6e8e02d44384b8fcee,ING,Grade 6
96664916b2104f458ea8b16741c81b6f,ING,Grade 5
764f7a5f9d2034d56302d8768b3dfd33,ING,Grade 6
20a7ad048acb41f5b6243eae0f26ce69,ING,Grade 5
75b5216958224f6cb012257457177f40,ING,Grade 6
1d0b4a06c8714d3d986a4852632d3cdb,INE,Grade 4
079e525a8b67497db8b4d5f620de6bf4,INE,Grade 4
4d1730df9c0842b9b4405ec680007296,INE,Grade 4
44c11dea3732468482c0d1375e02bf7c,INE,Grade 4
0290f249fe1f44c8b5c928f31cdafed9,INE,Grade 4
e18be47df9ac48f5a936f2c8cb92e35b,INE,Grade 4
a9beeee2237e423498cbf2fcedd078b4,INE,Grade 4
c4ac9bca6fbf4b149536ac6a8e27ef2e,INE,Grade 4
35318c082d51492fb274d14ce516a77b,INE,Grade 4
e8f94c5a0cdf4e1b900c7c2c34402f6a,INE,Grade 4
01d2be3d22a54540bc3379131ed72e79,INE,Grade 4
7853bb09b9e344779e0a239fee46b9b8,INE,Grade 4
c92e80c905fd472eaa74bd8e0cb56b03,INE,Grade 4
1cc77c0e874b4e45ba642280ec288f21,INE,Grade 4
312a86fb3d894088af6ac6792728b111,INE,Grade 4
4412f44fd71e485481173afdadb581d4,INE,Grade 4
05d45e3034b74240afe74d81a9257a77,INE,Grade 4
525679b7cc8045fc8cb1522e08f04ea4,INE,Grade 4
aeb7c990ad6d47799afe1185597c91cb,INE,Grade 4
8952291cd7c945b985594639fe563bc5,INE,Grade 4
a055234d318c4f2fb60ebe01972cf989,INE,Grade 4
b47eeee368ec4038b188586d43cc2d95,INE,Grade 4
7e9119d6b4fa41c0b74c1c1e111a2e5d,INE,Grade 4
a17d963474ef4170b5b2ea204e6995dd,INE,Grade 4
82b9115663784ca09ad1766c8db93f2d,INE,Grade 4
3f65f674f7904205a194d75301b67c72,INE,Grade 4
cbcb2d870a5d41ef93920350080f30c3,INE,Grade 4
15ffd7ca46ed43a0b970a85a193d09a7,INE,Grade 4
5142608039604228a767084615e89741,INE,Grade 4
53a2939c57e345f0b8bd4cf75ebab192,INE,Grade 4
74a206547abb4e7dae09a55af9c460fa,INE,Grade 4
46b78b3100e843448dfa06de286742fd,INE,Grade 4
e1382012f9d347d49bbadb48f3cab863,INE,Grade 4
5dcaaa6f4262436b9f95fd6edeae7b69,INE,Grade 4
559d61b0380040d4904a8df56a89ead5,INE,Grade 4
53ca432397c04192863ba1eb63dd313a,INE,Grade 4
efdc24da1d084c52bb5c3a047a9d26c8,INE,Grade 4
c80a1d477b4a47889ebba74ea3ccaeb8,INE,Grade 4
7a418aa902f34eb1b8f9e080d9d0e342,INE,Grade 4
3155659d5e3e4c9fa81207888fad8570,INE,Grade 4
8cbffbb61cee446c89ddf730b591bfae,INE,Grade 4
0c17a004b1654bcaa6e73af5c7cbef24,INE,Grade 4
720795104451412ba94afc657118904f,INE,Grade 4
af02c5c1b31845af92db70f7210f75e9,INE,Grade 4
1e183f76a1844413b5d539ba6932fa95,INE,Grade 4
9ef774917a7b493d878b92419b03a176,INE,Grade 4
ea4c7a9e1fbc488babd009a3ca368c7d,INE,Grade 4
723902be1d9b40c4a4d173b390878825,INE,Grade 4
c2cf4b1a1bf849be97cf7920e7828bf1,INE,Grade 4
f31cbf3d721f45f3bcb63e71a5940166,INE,Grade 4
1393cb1e0154411db59d79a5d89796bc,INE,Grade 4
1b419257f43442a68dd03c4a59917bfd,INE,Grade 4
8ebd7937c0934b498d02ce2cf33c7666,INE,Grade 4
907e4d178ac44bfd8a107389bd21ff7b,INE,Grade 4
07937b191bf44eec9aff50bbe2354814,INE,Grade 4
b289c80f72a648ae905883c276a42c48,INE,Grade 4
12489b09756844d3874800aabeef723d,INE,Grade 4
e0953cb0810a426e9f45d658bf5b957d,INE,Grade 4
1a830f00ecc84f67bcd95edcdb357362,INE,Grade 4
20c2974de7f34ed6ade54b3c3e1bd361,INE,Grade 4
e7f79b8ad1ba4e50a452097a0bc48c08,INE,Grade 4
654df569fb91471fa0dfb307c411438f,INE,Grade 4
e4784def1b3841b6ada64deb2a3ffc4e,INE,Grade 4
20f2cce257aa4fd08b8f4ab01222e3eb,INE,Grade 4
938512e142b9407ab640b64d5bcceaed,INE,Grade 4
74c34a519dba45299c7caa641bb52b9e,INE,Grade 4
b8dffcde7d6a45e4aed8212a40395cc5,INE,Grade 4
2d68a9144a204e4e9f6597aca674d4d8,INE,Grade 4
fc4ce5e0bc64403597d42894ee052fd1,INE,Grade 4
2c38792a4ca34880aacc194a058a00bd,INE,Grade 4
4e1fdf72c83d45e79172e7060ef1ce8f,INE,Grade 4
3674b2bb3d27430682dacff1fb93fa2e,INE,Grade 4
96cbc31a04c84a0586f6419f5d3712b2,INE,Grade 4
6eef2fc2f52046d5be6e8a133077066a,INE,Grade 4
8296d09da7cf42da97912fedd8b21dc3,INE,Grade 5
eb90a0b7032b47d2bdf6e82153cc6a6c,INE,Grade 4
e39153ec37a244d39c34703b3beeacd5,INE,Grade 6
38e311f4fb33495d810abf12f97f3f19,INE,Grade 6
3fab505fe53349b7926bb3977e944be2,INE,Grade 6
dee57670544044bb9fa745596f3e566f,INE,Grade 4
3d09e385595643cbad6d0454ea7a1655,INE,Grade 6
9ffebda007a546f8ab688f61514ddc7b,INE,Grade 6
965f07fd3651484cb92f5d10ca2f0104,INE,Grade 6
5acdbc57a14a4c689bb9bb90c8237a0d,INE,Grade 6
28b2b0290bb14e6cbb710f45e20999f6,INE,Grade 6
5c7097dcad4845819f8ca4c7df037380,INE,Grade 6
0e04f611e0064b9dbdd44a3ebcf7614e,INE,Grade 4
aba03935dcd746af9f13da743cac8a4e,INE,Grade 6
78b2deba44e24051aaa3282703bf3ade,INE,Grade 6
6e83d02d4b9e4174bb35c003c029ed00,INE,Grade 6
4ed0b3d88ff44df8b6e99190a7dd5e1a,INE,Grade 6
47181ae7882d4bd7bd35710929e0d1de,INE,Grade 6
342a82b80caa4a8587eae4dab5d7d533,INE,Grade 6
881d7e3056094738aba15d538101f1a0,INE,Grade 6
e8af378212d842c88e4e8e558b26b50a,INE,Grade 6
5f119f5199ef4166817600db0bf5f120,INE,Grade 6
422afc867dac4021a8db502906f39750,INE,Grade 6
0eba3a6a9589408093ffdac7d1f81a9d,INE,Grade 6
00ddd41a1f0e4b2b96856b8f605ca67c,INE,Grade 6
d4b3e8307aae46dc8a600eae391814fa,INE,Grade 6
6fda06a026414bfba1737b52a4ac7576,INE,Grade 6
760ae5e39e364dd5b480236ced36f05b,INE,Grade 6
8b575317ccbb4f208c2660e675554ee2,INE,Grade 6
0d81da979bac44a4b4922598db8bb3d6,INE,Grade 6
e08fd88d0639407caae6dc0e5db54ecc,INE,Grade 6
6e1ecc0edef24775a1c680f02d46cb41,INE,Grade 6
a39a3fff0f014bfbb3161c7b80d337cd,INE,Grade 6
0ee7d7aa4afb4e3485176256ca9cb080,INE,Grade 6
86b20a0e99844ac9a5457420da6283c5,INE,Grade 6
6bebc3294e3d426590bee458edd0e22a,INE,Grade 6
021cdd8e43714bb3a08240ae38436fe6,INE,Grade 6
afd01ce8940f48d1bb212f89752cd41e,INE,Grade 6
c80de76f09f941bba041be3026201e72,INE,Grade 6
d811d5bd66fe4735a5871c05bf1b1b07,INE,Grade 6
df4d9cfeac59474c93114e2ef584ea66,INE,Grade 6
09cf8efa559b4462ae6188d5738b8dc4,INE,Grade 6
8a683c901edc4eb687f53d887f175a57,INE,Grade 6
f2ff86b0727849e1b36a066e92b63d30,INE,Grade 6
ec4b4aae7c28408c992e14b387d81179,INE,Grade 6
02c0eb19d1da4ef8aa14c32668089a29,INE,Grade 6
bdb5318c15f34075baf3b0e0a9e661c2,INE,Grade 6
036ed9b7bf7e4cb786ae5c45eef92147,INE,Grade 6
032583a81062421ca1db50a6b933314c,INE,Grade 6
638c5a3ccf3b48ff84a19fe060ad5136,INE,Grade 6
670264cc9f724a2d83efa58bf30870ef,INE,Grade 6
9d8edf435f4d4f0bb3dc75d94ef62b5a,INE,Grade 6
2f0043994e134ed2b4f19ee084ea98e6,INE,Grade 6
f3ba43482adf4a168b7c1800edb1083c,INE,Grade 6
a86dd808988442759de2a8b6a38953a8,INE,Grade 6
cb8085a7346c46baa95d21fc72df279e,INE,Grade 6
3e6143b8f5f14925a02598b6c9520fd5,INE,Grade 6
3f4e0ddc4c8d4dc69ed7a5db6155c077,INE,Grade 6
923a1825bcc947eb978ade1a7ec57834,INE,Grade 6
3657878f01364e9999b0b490991fdb66,INE,Grade 6
5bbaf1929b2846c9b7af36e0cf1e8069,INE,Grade 6
afc49d34b944446a9fff00de7f4c2898,INE,Grade 6
5911bf3e02964f9686843f9e8095d7ff,INE,Grade 6
05c7a54f42eb41278e68341d47b00a83,INE,Grade 6
269f7489bbf149e5a845ee8b7df2255a,INE,Grade 6
780ee85db7404cc1b392b623e344f66e,INE,Grade 6
c31e43307be640318cba55ca83d60fa0,INE,Grade 6
c918c08c2964426f814c9e3d32ef7c85,INE,Grade 6
86ff1362508249009a5dc47a222a535a,INE,Grade 6
8329624d8aef44cdacca80d0f8ce3105,INE,Grade 6
9176ae6bd8124e048296ad1ac06bda1f,INE,Grade 6
ec0817dcc42c4531a6a8457e354eba22,INE,Grade 6
91695d9ad6ba4abeb3932bcc6e6b05e0,INE,Grade 6
c6f22692a2fb45299cb44e4bab367086,INE,Grade 6
5a210f420d4241fe9a4ccd93c7adb31b,INE,Grade 6
db2886ac1cf54167bbb579995db875b6,INE,Grade 6
38b8773de69045a287c032f23f46aa26,INE,Grade 6
edc4ec0566b846d89313bf038e5066d1,INE,Grade 6
8a131eeb19814002a9063d7ffb7fedf8,INE,Grade 5
945a7b63cec945a5b311adea781b1c18,INE,Grade 6
f14e832061404bd2a107ace6818c159e,INE,Grade 6
1945b3ef0d6440febe29aaf9ba5b971f,INE,Grade 5
d9d9e2d9f0b84e0da4884ed13a2ff1c5,INE,Grade 5
0fcb173b70ba484eb7b5e951eab851a1,INE,Grade 5
2399ad837042405cbc4d55868c569850,INE,Grade 5
65d21aaf96e148b8bb9dba39eb06ea92,INE,Grade 5
e52a243a25a94101bd087a8378882432,INE,Grade 6
c2a23622ec664e49935d81eb7fa5df95,INE,Grade 5
e9ee69fa5d6545e8bdd72481a404cc96,INE,Grade 5
5ea0ddff141f4964bc6f349abab9632d,INE,Grade 5
67744db8e0c7492285e75c06fe58a096,INE,Grade 6
8235cdee524b4bb680cf52cfed2297ce,INE,Grade 5
4a6398dd4e47496fb9599e505fe69325,INE,Grade 5
34b226398aed4d59b822af69d2ff5e20,INE,Grade 5
021df025dcf6462da85c8504bd8ad2b1,INE,Grade 5
6f9f3712880a426a99b3bd42769f9cf6,INE,Grade 5
6408c0c1c1334b4b98a591b67cefd97c,INE,Grade 5
a267d6291dc44a99b48851105b35a4d2,INE,Grade 5
d45128dfe1ba459c971cac028c093068,INE,Grade 5
d0321e454379445dbadfc1383a81b4af,INE,Grade 5
b3f30397a1e744219d4f2020d4bb56cf,INE,Grade 5
7502becb4d244c599b4b093d4515bdb7,INE,Grade 5
25d7fc0de5324ac7a408ac974afe39b9,INE,Grade 5
a46924bd156141f7990b165c4f7c3e41,INE,Grade 5
6926b68a002b4c7ca5fe5dd206a5b178,INE,Grade 5
e93a9bc5a94d4ebeadb545fc367cafba,INE,Grade 5
edd7d91e5cc44fc690add85ee632b7d0,INE,Grade 5
391a3efadfd94f8a861e72ea14401ece,INE,Grade 5
8a724bedfe1b40a0bc513195a5b5fe90,INE,Grade 5
c9298ebaf09b47f4a0f4a76aa8b7e1e5,INE,Grade 5
c9a0d2c95b6249f89b4825c9144314fd,INE,Grade 5
02f98bfef0624aaaa001f8f42a6d18bb,INE,Grade 5
958c393c035c4ca3b697cff1e1b9d4fa,INE,Grade 5
1d642736474e4f418c61127d2c09ff4f,INE,Grade 5
40d0deedc9e64e33b44f1a08e8efb2f3,INE,Grade 5
de18eff11d8d4ff2918b316d73a7b765,INE,Grade 5
1936e775e20f464793078501ff7a6781,INE,Grade 5
3efbf8dadd1f4a50a6f9f5c23d4af37d,INE,Grade 5
0dbe33b7394e432784c6fbdc8acc6bdd,INE,Grade 5
d3c168e7190c49fdb5409d768bc654fd,INE,Grade 5
fab7706f427e4507a023ddbf1a2fe840,INE,Grade 5
904b335b0d67443b888472e0c17d298e,INE,Grade 5
ad005ab26e0743bda551491cd82ae84a,INE,Grade 5
1cba15bbb3134ed29313d5da7eb77ee0,INE,Grade 5
cb529fe5936440bc800839e97fa38561,INE,Grade 5
88ef78fa617840579e2e1d8182c1e17d,INE,Grade 5
25dfe3063f414b0cae7946de1dc9d461,INE,Grade 5
82d1d2764a8b47c9a1e1f993eee4f4db,INE,Grade 5
bfacb3fe55164120946513d4c71958d5,INE,Grade 5
ba454f5a714a44a5a07bf738b30a9aca,INE,Grade 5
ec6049669b6f4c4d9d732705aec4d54e,INE,Grade 5
3b185405aef4460b87e11e9075f9d1df,INE,Grade 5
2e139f5460eb486690de907b0f8ad0d7,INE,Grade 5
306cf12ea2234115a60d3534ce2af5eb,INE,Grade 5
779b5baf64fb4a4596d3319b9633f09b,INE,Grade 5
04bdbe4bc4684c069e5aaa9844a35022,INE,Grade 5
f1684534ebbc48c4804dc01920709704,INE,Grade 5
402e5926770a468f9fd49e1b5ad17c45,INE,Grade 5
2848291c2c334f1da2d25ffcfac54dd4,INE,Grade 5
7f17557b0b6d44a8b0d68a9b6e160372,INE,Grade 5
e32c2bd76e3f4704854ac48cdceb9d55,INE,Grade 5
07c05cfabe4742f8b53518b4036b7785,INE,Grade 5
24520af2f02d4aafb56115d42e457da7,INE,Grade 5
555ef741f8f24672b497263c6b1c9639,INE,Grade 5
7ceb70903dc046f5b187b3a43c59471d,INE,Grade 5
93223dd3af68486cbeef944a8ff18501,INE,Grade 5
3c18806622ae490ca190415cafc00d82,INE,Grade 5
1e94e93ba0b146a198f43a48007e80ad,INE,Grade 5
be65a343033949a0975ff285f4592a29,INE,Grade 5
5018802552cd483b953f5eff425b2668,INE,Grade 5
b9e3d21cef2345a2b05aee175d75c08b,INE,Grade 5
5073f164e9a5412f84f34d5025f60370,INE,Grade 5
dd18eeab922948d88836a971760a1e7d,INE,Grade 5
d1123995bdd74ef6a3bbb2d29e095a77,INE,Grade 5
a6d36aea24534ad4912d62a332559702,INE,Grade 5
926e11d7b4f040d89bf8057cfbd8197c,INE,Grade 5
33c109fde0cd4d56bc22508cf028cb92,INE,Grade 5
7067c0cfe56c4be5af8fdbffc2c895c6,INE,Grade 6
566d7a916cdb4837ba115f6b59111640,INE,Grade 6
6b0ecfd9ce20446bb95bdea4aef4590b,INE,Grade 5
7959cf6dbf964c1bb6289069012ea995,INE,Grade 4
9b3bc3cdc5ae446a99c81c900a6b2c12,INE,Grade 5
b488e41f8641471795d91828b55f8a08,INE,Grade 4
9b405c40926c4ab9812c7291856908e0,INE,Grade 6
e37e7823fb6d4079bdb99108fea66840,INE,Grade 4
e11b47493aa04ea69e1abdf2f9a36614,INE,Grade 4
504e88331dba46c38ba87e723c5279bf,INE,Grade 5
9511878b6b114c1a8551d766cb47f223,INE,Grade 5
ea226eb00ebc5d3ee987c0267a6f6335,INE,Grade 4
62ec095ba16844208642435313d33092,INE,Grade 5
6dc9e6e211054b5aa0c75bfdf8cb781e,INE,Grade 5
e1734689ac334967a6f2763a07e55e89,INE,Grade 6
8b8b10c3b9f54f46a6c309567e5b5740,INE,Grade 4
c3c05b25ccf7d72deb7d0c36bff3dda5,INE,Grade 4
ee645761dc57b17c8edc516c97312779,INE,Grade 4
def2ff59e4e044999582330ab5db1bf3,INE,Grade 6
52173bdbb5d9494b83ac507a0dcc3f98,INE,Grade 5
2c600e7e5346aa691bd196003d312a0a,INE,Grade 6
03f91b05ceeb4807b04f95fd2697a999,INE,Grade 4
0fb75f52668d46b59d42783bc4cbdf07,INE,Grade 5
dd5d7497eb644b05b14aa7574a2ae1af,INE,Grade 4
ab08fc1d3e4b484e9a28d376498f462f,INE,Grade 4
fa54002d1fe542688ab6bbc3fb980a6f,INE,Grade 6
fea58d915cea4ab5ac25a76630d22d62,INH,Grade 4
6a3107db1b584e62a67b76ff7645f2ef,INH,Grade 4
47ebb5fbad684dc68cbf5f4cfa6acd41,INH,Grade 4
8d2a74b0fa664258bb49cb961cc8d8a9,INH,Grade 4
f24489abb425423d97bb0659dd78a1e8,INH,Grade 4
12b05546fe284721b71753295e3afabb,INH,Grade 4
46fa2d36d6ec454cb0e3173df1d1515a,INH,Grade 4
01b44a5f666d4c68940b10bbb5c07621,INH,Grade 4
d552579e2ecb4f6fa1b5603e123fdbf2,INH,Grade 4
920f975937e346f2b7fee92d4f577df2,INH,Grade 4
e23614130c544407b222d732a45d6255,INH,Grade 4
fc633e61064a4765bca98c2c5af1ff17,INH,Grade 4
91a23eefbef34efa848a60ee76072969,INH,Grade 4
856c430fc36c47f6a5b2d2e693c535cd,INH,Grade 4
13cc694cedbf487db123889466943ad5,INH,Grade 4
b2f5e6044f654e278b1e7c9f6dc056f9,INH,Grade 4
947ed8fac1f345bf89c2a43c67ae35cd,INH,Grade 4
56f93c4d2f68473c8393d71d73421a6f,INH,Grade 4
f7d9c578e54f4cceb6e6cb8d2c95273d,INH,Grade 4
e57e1f3f87ed47769b1144710908762e,INH,Grade 4
aacdb741cf524e9e9a3f4f4da7cb4e80,INH,Grade 4
1582b2d8de774b638c464c36064cb2d4,INH,Grade 4
a9e9d7354a944966a2ee8aed7bf22a30,INH,Grade 4
d2e08a9dd8ea4f27839f2c43f5f3694d,INH,Grade 4
6c668c474a89490a8a7f00d733f0706d,INH,Grade 4
d263ee1fbf534dea84a92ca681e0da03,INH,Grade 4
f4dc21080aac42dcafd0e1c73de33232,INH,Grade 4
e4e88c09d18b4fb9937905149e812b52,INH,Grade 4
361ad6af08b74d17b9d1b03080d8d8e2,INH,Grade 4
676e4b6e1fe145ba8ca82d324242f222,INH,Grade 4
a67aaa6df1524a7785e8587f239d707e,INH,Grade 4
3636209a6e134c6597abe054d74a61be,INH,Grade 4
1deb17c449744392a1d189635cbdb847,INH,Grade 4
8330b5e145d4455bab3de47a6fd122ba,INH,Grade 4
89675ed8fe02401f9563c07d55a63b36,INH,Grade 4
6ad68f527d4f4e4ea55042ba0fb70d93,INH,Grade 4
8adb0a6e3d4e4ecbb71244f0a61fa8c7,INH,Grade 4
fb6c43c5ea1e4acea033cd49883592fc,INH,Grade 4
581cb574150b47ca8a4521b9cfaf5f99,INH,Grade 4
377a28885aa5409ea9cad343b23bb198,INH,Grade 4
7065692e6f2c47ada0c76a5e5941be65,INH,Grade 4
fd57e914e40447ba8a8f1289414d5d88,INH,Grade 4
6e474a97a1d44782bb74823158e89baf,INH,Grade 4
5488417f80a64fb9a5d585e1ae202740,INH,Grade 4
82b0632ab74442498d92d28d0becdeda,INH,Grade 4
f75b69c7189544b7ab4952106e0fd50e,INH,Grade 4
c5d63fbf46b245df81f536c96e8153a0,INH,Grade 4
5ad7166761574a9fa6baa48bbc1b9d1e,INH,Grade 4
8f6dea1ef59844519f5f0ed099fe7b2a,INH,Grade 4
bce74350adf44b549d3c2c5270da0b7c,INH,Grade 4
445aee186c5a45e5971d3943fa89a6d1,INH,Grade 4
0542c2e1277d45e993183bf43818d7b9,INH,Grade 5
b2116796dc414406bff5a65f7ce5e9f4,INH,Grade 5
bbbb070af8494f498ad59c1e4c8f4a77,INH,Grade 5
2c88f6576c3c4824b7a5fec9cfb10555,INH,Grade 5
293b9bc8490e4e9683831c0102250845,INH,Grade 4
357ee4196d8d42cd90193a7a1199cd12,INH,Grade 5
d13a8c325698435b9d6025a06e3e1e13,INH,Grade 4
2217145eb35c47229e002c58ef2b258c,INH,Grade 4
c5270dee96b4456990e82c064a0904fd,INH,Grade 4
791ce46123eb461b856cd631a97a8236,INH,Grade 4
3a5dae6e14ac408996ad5c0d5a471cd8,INH,Grade 4
0c00fb4835b64ff99890c51f4e62ddf3,INH,Grade 4
bde239324d074c93887e4aeecbb707b4,INH,Grade 4
beebc188a7284d6797aaba6cca543371,INH,Grade 4
78d5522375ce47038872d0b4b9ecb7bd,INH,Grade 4
a91bdba259f54690beebc981278d1931,INH,Grade 5
a5118908c8b0448390fe1a70d58338d8,INH,Grade 5
f24868399c9540b291d8f7d82d9ad81b,INH,Grade 5
999e9f8000074239846473b60b116a21,INH,Grade 5
bdb8ba478c19443d8e180713172bd6df,INH,Grade 5
dace034d1dcc4b6bb1551422c6e02afb,INH,Grade 5
faf81888f15744968ca6f6f37fecbd58,INH,Grade 5
b1bf32409ed74e29b1177d9a1f33f5b0,INH,Grade 5
a0f2c79a500040f386faa668eb5ed438,INH,Grade 5
0713e24ff1364f44a9f43f8f8b5a6f2a,INH,Grade 5
8d55cde8355d4817b1accb913a27485d,INH,Grade 5
32fc6d6905ea4001a31cdc096e52c12a,INH,Grade 5
949abc12383d4e9a81ddf5c84c952c49,INH,Grade 5
67bc0d176a564fd3bedf841d94ad7897,INH,Grade 5
98cb2195781a44439f25bffe6abcbd5f,INH,Grade 5
9aff9c19dc1e4e64a89f7aa9b4cfe4aa,INH,Grade 5
53924357007145edbd2112f573cccaf1,INH,Grade 5
ed0f1b4f73ea4a7ca87f3e6b458acc43,INH,Grade 5
6965361b5e0446f7beb31698e526fbb5,INH,Grade 5
11825a3200044883b84daaf822daa0fa,INH,Grade 5
c7c3b6f878f048f197925bcb2ea6329f,INH,Grade 5
7a5e98daafa24b0b8464d4049639ff32,INH,Grade 5
80fbc24f070e45f6aed5207d08038d45,INH,Grade 5
84e0858bc862499a91cc8d8178f52b5b,INH,Grade 5
2c1ad34507e9412a8a2863d72d2f4bfe,INH,Grade 5
0326b78ca05541c4b244cce6fb1932ec,INH,Grade 5
be5277e4256449b0826b3a5eb32a1886,INH,Grade 5
e61a5d6e4c784c86b0363604cb834298,INH,Grade 5
8aab1f85e3994c19a76e4b925809faff,INH,Grade 5
db860241f2f7445e88675e2ae46e0b05,INH,Grade 5
13132ac45cf74980b5e9f3dd33da4d75,INH,Grade 5
ef4a239814db4f469e70467f5a7752c8,INH,Grade 5
6ba6016ae5f249eda82282297f6ee365,INH,Grade 5
fc73530d30ff486388707f5642b5f96f,INH,Grade 5
8f1b4f4248594d28a37a863b79907257,INH,Grade 5
c5dcbb9704984cb6a77efc17875d9831,INH,Grade 5
9d152c65497f44258faaacd6fac08df9,INH,Grade 5
8ebfaeeac7c44d798e4c8f3c5456998f,INH,Grade 5
8fd96a4bf6194b19b155089ee81a084d,INH,Grade 5
6951e3d499f04ce78e8f07675228cbd7,INH,Grade 5
c04512de5af147bead2f718041cf4052,INH,Grade 5
0b3e3945374b4b5c9030d59cdd24eb95,INH,Grade 5
a6f435d62e5a4659b5dfcc791e9b2fbf,INH,Grade 5
69c33e9ca2454d8890d14025b5b40af1,INH,Grade 5
12f607dd96aa493da684311390582d0e,INH,Grade 5
895562c7b69a4429b47fc9846daa4bdc,INH,Grade 5
84649390bd2042fe92cc317ea99a193a,INH,Grade 5
bb670a68e88c4adc8e5c77b043daf4ea,INH,Grade 5
f7758b2a4d8c4aef876ce635b8a58b72,INH,Grade 5
a904006a14e34d60bf7a826e9dc88e0f,INH,Grade 5
28a51cdf3a8a487e9579f9659f2dc636,INH,Grade 5
631afd56085b4e18bde57e06f74d885f,INH,Grade 5
3253b4df09eb446c86250dac0d51849d,INH,Grade 6
de0e0c3c0fe349d5b5982401d69d8ecd,INH,Grade 6
9398064861a94b03b60a5b03452251f5,INH,Grade 5
0aa5aff4980f44c2ad008f56f39d95f5,INH,Grade 6
1184a22fefd34fb1bfd7c8966a7a8167,INH,Grade 6
42187edd720d43df8fbe5c47966247e1,INH,Grade 6
45e645b694ed4877bbf8673f93b0ec6e,INH,Grade 6
a8286a025d2b483ba4aa0b2e9a123671,INH,Grade 6
0c5b07b4de034b7ea96659ca94c9e79e,INH,Grade 6
0d623be800ff4da2bf84b199fe080103,INH,Grade 6
3d1777341e0a42bfb9ed280c16d99874,INH,Grade 6
fa782064533a47e8a5b519826baf6db1,INH,Grade 6
b79caddc0e344b258b1033b9aebb1ba2,INH,Grade 6
b43dbf8a6d2743d8a5cf0e8d772dded2,INH,Grade 5
4c67c4dd312f495b9997e351cbcd949a,INH,Grade 6
1b27bafd844142599cbb16e5ca42f43c,INH,Grade 6
f5b988c2ffb74028bbb29116d36ab44e,INH,Grade 6
d53662d3151646ba897785a4c4a4d57d,INH,Grade 6
77f66d35c1104520ba7357dba041be01,INH,Grade 6
0f08b4b4555a466491ad57e9809d0e6f,INH,Grade 6
f8e9d6563a0e4294b327a155f42596c2,INH,Grade 6
3fab30ea42b4440d9fb1285bdf918ab7,INH,Grade 6
7b2526db85214c628a247f408efa5cc8,INH,Grade 6
1751d1ed9d014b1db4994ebaa169507d,INH,Grade 6
b77abb9217dd4c37a5e641aa6c2b2332,INH,Grade 6
c1a9f12a48c34d36901c52cdcf317ae8,INH,Grade 6
bd011a91b7cf46348dabcce64ffe1211,INH,Grade 6
a033336e3acd4dfbaba3cb4e4fe31cc3,INH,Grade 6
8ff0d7b6d29643c3bbc99ce48776fefb,INH,Grade 6
f3deb57425a84d45b8cde7eed8a34f04,INH,Grade 6
9b8ef28b1a144538a7f05baef9d3148b,INH,Grade 6
d9b9740c1b1248e193281bfdf5f18eb2,INH,Grade 6
d24187ce63404de0b12f6c9d279feab1,INH,Grade 6
93a4f86302fa4bddb4f64bc1d15abdeb,INH,Grade 6
d05ce8f7a5454fecbd45ccb5bd0a30b9,INH,Grade 6
9d5df8c158784dd6ac15a62404bb42d2,INH,Grade 6
faa96f587feb434eaed1f3c73ea9189f,INH,Grade 6
9b6c626e051f44f4bc4f03ca1c72d3ad,INH,Grade 6
35810865c64348789becdfb92812db3d,INH,Grade 6
ada44333f03d4c57888258f304169851,INH,Grade 6
b9b6aedb1f7e43fdb1dac786323f163e,INH,Grade 6
5f086d9314b9476f92c30f1242fa5f3b,INH,Grade 6
147526af438044c38ee4d7ea8675a3b5,INH,Grade 6
aae3193b44d2471d8a956f53770a6d22,INH,Grade 6
aec74285648a491ebe242526fa5a292c,INH,Grade 6
118e1abb041247b699bc8ccba23ff47a,INH,Grade 6
5356d4b8258b4260814a0ec36cdc8dd0,INH,Grade 6
03b9067822244d8f993671c9385b92ee,INH,Grade 6
99848e04f1d64ff8be274f7f29d55b31,INH,Grade 6
7ea004149b7b41b1b438a5290e217dc2,INH,Grade 6
538b6e09a34445e8b0c1beaa83604c34,INH,Grade 6
dfd1d58cf6f44fc49843751c163754b6,INH,Grade 6
2d160a9403644bd4be39726480b6ba46,INH,Grade 6
239d68de25194d62a3906f4869ecc299,INH,Grade 6
03d9e338c9964081b6810814133b6073,INH,Grade 6
b258e2354d3b4c3f8752417a65053d8c,INH,Grade 6
a0cb6b0f5bf84cefaed13be7a5b14ad5,INH,Grade 6
0bd662812dfb41f1b621eb2dca6604d4,INH,Grade 6
8ddd8d37e51240659bbf3ada047b5a62,INH,Grade 6
39ed6b7a3262438f8ea62107a05b7c80,INH,Grade 6
c79a97795c4a4bb5b2499f270ec539e5,INH,Grade 6
a9832c989a6f49f590296fe217c48823,INH,Grade 6
0f8d1a4ac41a465fbffeca9ae17f30a2,INH,Grade 6
798f85a1a7c64bcf80898c55e38b3853,INH,Grade 6
1184d757e6984238948fd965c8575a15,INH,Grade 6
dc6483970d9641ff953c034de5750122,INH,Grade 6
1c932f8b0c58486383949381c73ec7b1,INH,Grade 6
6be19d22df93494c9a75681470dda3ed,INH,Grade 6
3206857b74bd440c9d52bba8a7c8d508,INH,Grade 6
07904e7f6b514820becbecd0d6cc01c9,INH,Grade 6
bc7b9965a84b4f02a23ea0c27fc60b52,INH,Grade 5
6cbd019ae9b249b0b3aa1cbf622fa4f9,INH,Grade 4
f355ca7ceb4a4ed88561e40c5705f913,INH,Grade 6
d168b7998a414ce78e68a66516b42001,INH,Grade 6
0ecbb6b3083233d15654821afebbf469,INH,Grade 4
a504fc4ac40790696aab58b3720aaa34,INH,Grade 4
7d5a2ba5dd7a42c5b364564a610e5f96,INH,Grade 4
9be276aa021b4416876b126196c93ea3,INH,Grade 5
d109dff30d72bf815f0a116f9e7e9f66,INH,Grade 5
2cca180798a7f49c9e6af694e9d3d8f9,INH,Grade 5
30f009fafed68253f56e8f9d71590b13,INH,Grade 5
1e8c0d6ddad1617640531a965e07ec77,INH,Grade 5
d7aee8ddb33846b7a35404bd99cfedca,INH,Grade 4
4d507843f09f444ba3a1fac3422c2399,INH,Grade 6
b4107bb9d0fb45bc9b18df2661cdbe75,INH,Grade 4
52672e185a55401295f75f0bb04927dc,INH,Grade 6
b238ead2e4f54f9086658e16134ee6e3,INH,Grade 5
ea02109924e7a26fed77362d1f4b3fc7,INH,Grade 4
ceb564f1ba6d0b52de267f94342ceb8b,INH,Grade 6
f45fb92a2b58e5329c3b8300a0b6da47,INH,Grade 5
da687d72a4b5bfcce942d37fbdc1b1b9,INH,Grade 6
9cc4fa03494c57edc41a23648b3b61e7,INH,Grade 6
e2db7f07a95843e8b07bbba684aefa06,INH,Grade 5
f40b9a16a04b4d27b8a0e53e8cf2d634,INH,Grade 5
d1b9a738cb4ca6ae957f8925b0873370,INH,Grade 6
771912d64ec322ae90b04194a3b52217,INH,Grade 6
2a2f42cd3c3db2a8c3e93151e4c8434a,INH,Grade 6
bf567fd69d26d79838ed161f1669c222,INH,Grade 5
2a609e6a25fe46bd92f42ff341199f4a,INH,Grade 6
433c5b93ec3e428d90b793048c0179a2,INH,Grade 5
0c0200808d0b477169362dee4394be72,INH,Grade 6
40e5f18a9455bfb1aeee0da42fdd0771,INH,Grade 6
4532a4490bce7e4f9625505b7ba9cacf,INH,Grade 6
dc77d3d00c14146f9986bcee6fa3419f,INH,Grade 6
c3f75bb483d9ae5be59c1903a829bc5b,INH,Grade 6
cfca0bb3c23849a6b7aaf9f8b8258e9f,INH,Grade 6
e6dd5f24f8ffedecdebedaf42a55914b,INH,Grade 6
f9ff54aea30315be8d8c0aac1e7aa486,INH,Grade 6
b0d04ba315ff4bc0b13185fbfe768548,INH,Grade 4
3c39eab31e0c4cdabfa7821902ec055e,INH,Grade 4
bfff762c028074bc9a74f7c88f902079,INH,Grade 6
937fe518862a4dce5e71c9dac563d3af,INH,Grade 6
ed70cc72fb6f4cfcae6ac01a817c5f9b,INH,Grade 6
80c45ef8f8804e4a877fedb5c081ef82,INH,Grade 6
eb1d054a2450403fa62fd5288c2e5b52,INH,Grade 6
0b9136e8405149e990434c9a5d6b290c,INH,Grade 4
83b25a173afc4e2487e90047602df77b,INH,Grade 4
81bc3be5d12845d091de3f12c7378630,INH,Grade 4
524df6f377fd4676af9a714804e34080,INH,Grade 4
251b3e998a05458cbb155548ad31cf84,INH,Grade 4
13dd32d82d744da09ad74335705c7448,INH,Grade 4
075e0acc12364f6a91b65de84efc072c,INH,Grade 4
f14f7e582c282d73c37fcc3480a15e4a,INH,Grade 5
7f9def242b3845fab2958a3caab4bfd3,INH,Grade 5
3f426337ceea2e9034f43c12fbe835ec,INH,Grade 5
60f7daf106074957ac32fa9863d9e7a5,IND,Grade 4B
0ef1a59b7c4c493e9c957125cf44f3e8,IND,Grade 4B
e45bbc6123a64f9aad176f737c3e8f2d,IND,Grade 4B
bb98035ae2e249de9a24416269c8b081,IND,Grade 4B
20ba405490234ff2b33554f6fc6bef83,IND,Grade 4B
bfdb3c64e13e4665bd201ed16a5738e7,IND,Grade 4B
00fe9b9033854429b1e0fa247facc212,IND,Grade 4B
7e3541478a2f4edab15363d8424a983b,IND,Grade 4B
a74b460452b54a28b9247ff5ad7d88a8,IND,Grade 4B
431ada2da39a44598aa280b7e86d9fde,IND,Grade 4B
add2548d67de49f28284a82dbf086e5c,IND,Grade 4B
e884a4bdbbbb471682f3404ee442cd24,IND,Grade 4B
e48ad5cf7ecc427f812ade1e230fcd20,IND,Grade 4B
c72fbc9c1e474a61a1e8c40f6c99f8ae,IND,Grade 4B
51ea2786cbc24f6089bf21649b455ed1,IND,Grade 4B
1e098fb2692c410d83eeb608c9bf5c9c,IND,Grade 4B
bc56ff71204b48d0a3ad2ac8b57b2886,IND,Grade 4B
5575b27300b641a88c24c78d5c80e719,IND,Grade 4B
e0f5cb7bf9524dc186a5fca6cfa59884,IND,Grade 4B
4becc4a793e94e069c4d16f7d7d81068,IND,Grade 4B
5449dd5d538c41e783125cebea8902dc,IND,Grade 4B
4e34d577646a4171bcdc9b8330229418,IND,Grade 4B
b0acfb49a7af4515b549471b6969deb2,IND,Grade 4B
28cb4e239a1945dca370bdc36ffbe650,IND,Grade 4B
6599818570c64a1289cc08acf17e0c93,IND,Grade 4C
d73dc8a8bad5451aa013ca211fd2a566,IND,Grade 4B
5ba89367e20a4566a43dd2da5d3349a1,IND,Grade 4B
d6bc854bb00948aabdf8f50e59b16169,IND,Grade 4B
fc146172f5a84aceaa76fbbd30d5d5df,IND,Grade 4C
e2864ba6a37f4a9a96d596e6b5850665,IND,Grade 4B
2c14039b4d3841f297e2defff84b317b,IND,Grade 4B
880993fa8a8745ac86d1c0a48fa83746,IND,Grade 4B
85bad2eef26e4bfcb7b340779690cbdb,IND,Grade 4B
643235367312424bad455b3097cb5f21,IND,Grade 4B
7197c73df61e4636a0b1aa85509fa3d9,IND,Grade 4B
cf4da97be76946ce9b3d9df9e9a138ed,IND,Grade 4B
e31674287cd84755a7f18027f7fccf1f,IND,Grade 4B
2ecf31ead9564a3795f43758233dd559,IND,Grade 4B
2a2c4f26debf4f75a43339e72c84a659,IND,Grade 4B
ffc2a7fa0fa1472d9064ba7c71db8d3a,IND,Grade 4B
32be92ee82c241e1a7778b97a209e2e4,IND,Grade 4C
25e8a9bd5d9543e09db9169636467b9a,IND,Grade 4C
686bb3402edf47b2a7cadc6beeb817ad,IND,Grade 4C
2865efb6633a4460a89c09b66168fef0,IND,Grade 4C
0cd76701dc94419889ebf1022699085c,IND,Grade 4C
35dc1a37bebf46589e19e3430103bdb8,IND,Grade 4C
3b29558588f241f3928ae5aac08c4ef8,IND,Grade 4C
b999168f10e24b2c843f72244b0e3d63,IND,Grade 4C
365584da42e64e9182133f760f642aa5,IND,Grade 4C
465d8addc9314bb482b34846184e38d5,IND,Grade 4C
1d6ed4ce5f6a4edc85910e72adb8c3ca,IND,Grade 4C
6677e4db0bf544d88ded69a539169c3a,IND,Grade 4C
d14e39b097034fc38fdfd59acd7f7062,IND,Grade 4C
ac1d8fd5cf454117a2b9d93d500a1263,IND,Grade 4C
9bd3b1071e954d5b8a12387326041142,IND,Grade 4C
0e101958471a4a1aa003f7a7650bcaeb,IND,Grade 4C
8d97ab07a03a414e9ee87575fa009960,IND,Grade 4C
588d0286673840be82185a740c0a3624,IND,Grade 4C
89f3d2524ebc47ba9fb35788a351db68,IND,Grade 4C
9fd167fafd3f4dd282830a47cded602e,IND,Grade 4C
e2f36c6e642947b49690afe2c7641eba,IND,Grade 4C
54cc7830f13a4593b4bd7bac5291e2e3,IND,Grade 4C
7c8509acdd78492a9679bc75fa843955,IND,Grade 4C
ec36d3a40f0b4a66b9c1e42e65039038,IND,Grade 4C
eb8d0120567e4b329283f8e32b7dee8b,IND,Grade 4C
85dca90e721848fbbc14dc5d0871ada2,IND,Grade 4C
a75d854d4ca2412ca07566acf04559c1,IND,Grade 4C
689730ab3e9b44bba8f7242fb29ddcf7,IND,Grade 4C
2c5e585d407d4053928ce98cc760d325,IND,Grade 4C
26c3a37370b64a41a26f2e622545e7dc,IND,Grade 4C
c72df1ed912145f6a3c7f6b2222e322c,IND,Grade 4C
dc79b956447044758d54dc9573f2a3c7,IND,Grade 4C
3b98b698192f485d81d571f6df09ed08,IND,Grade 4C
94f572c339cc44299d347c8894097b2c,IND,Grade 5B
6764b2abf0684b43b02e942f852fb3c8,IND,Grade 4C
4679d69a177b450883d34921cc464ca8,IND,Grade 4C
4626a4bb5c4a43bdb22987cd93af3c3b,IND,Grade 4C
55f585497f5f4c1f973b412adc3505c4,IND,Grade 4C
5bf462241ec54676bfa29772ada7d16e,IND,Grade 4C
af0b1822e95b46a29f363469bca07334,IND,Grade 4C
21931736ed4044e283dee2591274ede3,IND,Grade 5B
43275be2f75a44dda0904c9c37becf02,IND,Grade 5B
f70795d052704810b4cd08162a25b54e,IND,Grade 5B
ceb9a85287ca4faf9d8a340902d04f88,IND,Grade 5B
ca350fe57fc94c4680d9faa6f1c1d461,IND,Grade 5B
de25a7d1f262467886981b7b56915822,IND,Grade 5B
2b4330b850444bdfb97adfff5dfa1917,IND,Grade 5B
1a84a3e38b5544c19cf52d7a7035847a,IND,Grade 5B
97ebeff6d722433ca88d38007885173f,IND,Grade 5B
a75fdfccbffb4100a070aac4f28b4a49,IND,Grade 5B
ec518cc459384133a2518c002abd814e,IND,Grade 5B
000e7cef89ee48c9995d8c8c800679e1,IND,Grade 5B
32eb1d535a3849ab961d7c36fc04b0ba,IND,Grade 5B
5a291d5731b747449c16fc5ece8666c3,IND,Grade 5B
c18219c401f74018b739c7af256aaa10,IND,Grade 5B
4f6617688dec409fbbbaaa29efd4084d,IND,Grade 5B
09dfd9365bdd410aaedb4c1f5a9c0828,IND,Grade 5B
ff075783bf5344c4962c147c70caf5df,IND,Grade 5B
688b011796404bff8b20d4ef01cad150,IND,Grade 5B
ccc95d3dde4c42548de3eee6fe6e65ef,IND,Grade 5B
e0788cefcbf74fca9e687295f9201903,IND,Grade 5B
df33385d50814783abec153d77032310,IND,Grade 5B
1a4a654ac928418180d93a537cdad429,IND,Grade 5B
d25d8a7cdfdd4f459bdbd7144836caae,IND,Grade 5B
788b6d82b93849809d96e15c2bcacab8,IND,Grade 5B
b23c0302cb3c48b29dba85394225f487,IND,Grade 5B
d38b4866eb5642c8a172e29efcbc3779,IND,Grade 5B
7375bf22787945748ab0a15d1cc38ea6,IND,Grade 5B
8dc0bfab8cf24ac4acab525dddc6c515,IND,Grade 5B
754b12a6bb8f4beca7cff69848479a32,IND,Grade 5B
a78a0e39eb9c46898acdcc6849aa3946,IND,Grade 5B
b3cb9523cbbe4cfea2032c719842be3c,IND,Grade 5B
49d11554fdd4478f8f91ac7b07e0bac6,IND,Grade 5B
0b983a2655154523aaedc5debf70172b,IND,Grade 5B
006054edb79b424aaa0b3da0d3750e15,IND,Grade 5B
bcf7925f4ee6481fac11dc083f7509fa,IND,Grade 5B
a491ebb3445642f1b5a029684a2f17d6,IND,Grade 5B
d6a128b7c7884037891393709bbaef06,IND,Grade 5B
361fe896d5aa44f1b21a3278f1182f58,IND,Grade 5B
0702a653ecc446558783768ced82855c,IND,Grade 5B
04ba9e7257324cd18c2ec2ecf219ca43,IND,Grade 5B
55e6c78ee2ed457aa38dd894e39b55b0,IND,Grade 5C
b549490d3bd3400c828394a2a1ed6df3,IND,Grade 5C
87607725d246418ab516e694ea502c60,IND,Grade 5C
004953a162254653ad35e7a7094db57a,IND,Grade 5C
80412f25dc264cfabfe944faec4c4135,IND,Grade 5C
68d1b8cc0c43465faa1fbb9a8aa8c30f,IND,Grade 5C
c09969e381cc46e49edecd004c54df26,IND,Grade 5C
b41ecea7d0c44d8eb00d2c6ed34e0d5c,IND,Grade 5C
284e294eb3f84f6993f25f2a217cde18,IND,Grade 5B
168998bd9bfe4ac0814039ca0d4fc6d2,IND,Grade 5C
bc082c6b4ea2490eb85d902283a9a250,IND,Grade 5C
0ba5bb59beec4afb99b492863c3ed62f,IND,Grade 5C
33ad79df31084817862e4245e018aca6,IND,Grade 5B
1967dd7cf6f740adacd05c3fd660cfee,IND,Grade 5C
6d7c0d6c0af34ff89f5707b057ac371e,IND,Grade 5B
30b4cb75577d46018693716516d53708,IND,Grade 5C
fbd645a7cd3a4edeaa9ec759a1f6f2d3,IND,Grade 5C
0bfcf827ccd1480f84c594956df97214,IND,Grade 5B
a256f82ada23463f8148ddccffb5ae7d,IND,Grade 5C
3d3b341524b24978a04df1c148c9efa2,IND,Grade 5C
53c22fec50b94912b376b60213ec8f37,IND,Grade 5C
f086b5232cd244c38a43222c875b2c6a,IND,Grade 5C
8eefa8770c134338984de358cbbbe8c1,IND,Grade 5C
7670b780a83a48e28c504ecf5745c9e3,IND,Grade 5C
56b257b3f8804fa983c55db5ee49f51b,IND,Grade 5C
919fae816fe14f3eb611d60f68bc4e85,IND,Grade 5C
6999c5aae44649ed8286f17c3f9c3e87,IND,Grade 5C
72b545eeaec749629345daa85c8c5042,IND,Grade 5C
ec5d731abac24ad4a6da4b52c4288509,IND,Grade 5C
b59e28219930456fa6cdbe9696ca6e62,IND,Grade 5C
b3ab319099204aada12013410ef3fb21,IND,Grade 5C
47a85536b5d24352a101e5564661e20f,IND,Grade 5C
f1d29c4b8b39407cb6f1132550c00d34,IND,Grade 5C
ac2143550df44019af483c5ad8e494a8,IND,Grade 5C
8ca8b8742a5b46d49fdb33efe4179974,IND,Grade 5C
33fac92866974339aa808b7cbd5721b5,IND,Grade 5C
627976a643394090b1ca54ca6a5da983,IND,Grade 5C
d178955c9f27446bb963e1bcaef283f7,IND,Grade 5C
ee960273a0084dc5860976b0e6244939,IND,Grade 5C
916792b3ec5a43d580c4d8fea783ff4c,IND,Grade 5C
e73a2106cc164211a47c4d4b37651c9b,IND,Grade 5C
c342a96071874487ab15928caefb66a2,IND,Grade 6B
9f617c9cd9c94d32b5c966f34267ba8b,IND,Grade 5C
e67ff55ca51842948416f7dcb8be56fd,IND,Grade 5C
3c496f0740214c94b2143b155e2acc9c,IND,Grade 6B
621b42ad0be44b6ab976ea0734407a9c,IND,Grade 6B
b1db2b1c978c4c0cb78e48f7e05a9ca8,IND,Grade 6B
2c88824003364efa881088d53f2d5bed,IND,Grade 6B
f6afb250ddfa499d924f53f6ad2c3ce4,IND,Grade 6B
290540f7146343d88ecc62b96b29829b,IND,Grade 6B
f56da796250441d0863a1d64002024c0,IND,Grade 6B
b2222cffded741dd9f582b0262c61620,IND,Grade 5C
ad2ba9d29c26461b851f0cbe9e6989ed,IND,Grade 6B
14e199837f0e4b979d82e103aa81e09d,IND,Grade 6B
6e53184e066a46408f7c8ba0bd485a12,IND,Grade 6B
647a843e4dfb4206a090d1d66c54cfbf,IND,Grade 5C
da476bb2ab5042aeb3cbbd6c02728f3a,IND,Grade 5C
eec80b463df143b9b1c2016a1a2713e2,IND,Grade 6B
40640c964c454b4882e6b004ee9f3807,IND,Grade 6B
239af3990e7c491b83bc8c2459b6723f,IND,Grade 6B
9f3078a478be4a77bbca0854a583c7c1,IND,Grade 6B
4c60ef195f9e476c8caac8bf968b6ca9,IND,Grade 6B
084582ea993c4b31a2354702df487456,IND,Grade 6B
6a4195945d6a4cb782e20473f1651126,IND,Grade 6B
0923a83cb7934b178574d4957a1b3588,IND,Grade 6B
964c85450df849ff80350c7414288bf3,IND,Grade 6B
deb3ac6ac9164c3bb6e9d7f8f32e6b5f,IND,Grade 6B
801f4c4cb3614ce4bb3064041c687b36,IND,Grade 6B
d42114edd7174b48818ed8f47c49d1ec,IND,Grade 6B
d7441b795fd64391a3af9b242932150d,IND,Grade 6B
21445ba21a434ebe9b0be44e5cba566f,IND,Grade 6B
97b4c55dc4be4855857d0db1fa40fb5f,IND,Grade 6B
85de49bfeea0452bb617d99855cb0d6e,IND,Grade 6B
432b51dfb8c5404e95b4a68af4805504,IND,Grade 6B
158e7c787a2e4ac29891982bd4b3ce2c,IND,Grade 6B
d3238e919bc9492d89a48b9f37c7d33a,IND,Grade 6B
3e1b9bcf4c1f49c5a2119448db014215,IND,Grade 6B
39209000e51e4ecbad2545c9021d4726,IND,Grade 6B
cb541893c2f848cb8239269279cc07f8,IND,Grade 6B
a8a946754e93400c83e0f9924fe56438,IND,Grade 6B
708bb0ea5ef24e1fa3a293fefef2894c,IND,Grade 6B
2f3e5102f5d7478280957a00893abc3f,IND,Grade 6B
214de96c6eec41fbad6f90e2b83650ed,IND,Grade 6C
9790a850867d47c38cbb9a7b57776f16,IND,Grade 6C
fccb3ee9b4a8478e9d93a8001a117686,IND,Grade 6B
2d166f5c253445fda2cee80ac25ad849,IND,Grade 6B
933640294cfb41a19434b1442ba80590,IND,Grade 6C
98ea8643c5dc45cf856d75dff7dd6867,IND,Grade 6B
92a6140643284f548418b6d2c33bd266,IND,Grade 6B
e5b4bd5bb7cf42418e6938600f703c48,IND,Grade 6B
3447404a424c41808a1fafef3ab14ff4,IND,Grade 6B
9b251806c31a40c2b11ef0e2edc88458,IND,Grade 6B
a36057603d1e4503b045419cba32d6f6,IND,Grade 6B
06025483f43842378278df39947c12b1,IND,Grade 6B
6981251f2b2347e781e2cfeb035cac50,IND,Grade 6C
d5ac9aa3b12c468b8cde5762d0f52185,IND,Grade 6C
1f19c0e85a2a4265920b4bc4dc0c4f9d,IND,Grade 6C
546e47c2e87d4b3e82d6f69c96bd9408,IND,Grade 6C
a0260caf168b4b0fac6466e566a80267,IND,Grade 6C
35170473f7564a2e8f7caa763608cb81,IND,Grade 6C
70d8dd6c59e74685aab06196faf40f46,IND,Grade 6C
f5007bb804804ef78ad7f25640925205,IND,Grade 6C
50a51219ed3b4563b9737bbf7f3c4301,IND,Grade 6C
ac2d0a071bab4baba86bf8e79cb2cd95,IND,Grade 6C
887070f9a5b246518733e5df012b6967,IND,Grade 6C
b0633d7a672c48979c98ffaf9f556c4d,IND,Grade 6C
2521720d1daa4fea813d4faf8614bc61,IND,Grade 6C
7d4915c6459841d5ab2526e542f13907,IND,Grade 6C
0d322e08fdfd412ab71330eb9b045d79,IND,Grade 6C
13475c221ac940cd82696b35fea6588c,IND,Grade 6C
8d05b4dc6970482fb8c4c734cf51c0be,IND,Grade 6C
1df9b0e686864420b4404ec6d2820935,IND,Grade 6C
429f62bd95234ad1a8d277fcfcb68174,IND,Grade 6C
33629678aec04f1fb9fe2a73c5b95143,IND,Grade 6C
7a8fb7f0bbfa4624a7a6853f75765925,IND,Grade 6C
2c3335053d16407e9d703e91b99aaa74,IND,Grade 6C
76114f5564ea484baa240e57ede49ee9,IND,Grade 6C
ad2551b473f0490e80f2db2e223f208d,IND,Grade 6C
ad248c3c935e43b8bbb32747a30efd88,IND,Grade 6C
a6a9e47df1fe491bb0925be55492ee76,IND,Grade 4B
b0697202529e428eb231e876cf7eda5d,IND,Grade 6C
d0a849f3ba5b492daf8eb4836b34c241,IND,Grade 6C
14bc7dcb9a04476bab56a0df4cca60cb,IND,Grade 6C
f21b6a0001404312a77b2c6f548825fc,IND,Grade 5C
75abebfb63374e2880ec4a9cc8f4ac9f,IND,Grade 6C
d3b9c777f45b4fa09e972fb716eb61ff,IND,Grade 6C
b4126afdf9f94ad2b714e9de1042865e,IND,Grade 6C
f8d23990849c453195e77d94249cc072,IND,Grade 6C
8bdd67f8a0d54fa8a93df0d2e62d6652,IND,Grade 6B
9f8be5ca06dc4b83a12eaf6754256361,IND,Grade 6C
91dd0a8a5914407196b0d6fca6b3cae8,IND,Grade 5C
d4c0b4f6fe93408c9c8c836d9f5d5851,IND,Grade 6B
69e443af36d64fe6805b7abd4523a17f,IND,Grade 6C
845082eb8e454126ab63e19325ff3085,IND,Grade 6C
6014b40060604a389791315b0d4c79bf,IND,Grade 5C
c0565c7d4c8449239c1286e72178fb4d,IND,Grade 6C
a217a49933b54c7392e76540a03829f1,IND,Grade 6C
6d6f4f884360426e916f9440c10cbf31,IND,Grade 6C
f08cfdabef1f4270bd890bc4c2f76a2a,IND,Grade 6C
c1a4695c2edc496a93e79558eba193ff,IND,Grade 6B
b9933d9ba6d44a01aa101186a9f2864f,IND,Grade 4B
c74a900b8169f645a9ee004089138cf2,IND,Grade 5B
2be9271831194e515435026ad28fad30,IND,Grade 5B
9ba32dd4c6164aaf8e2b4f22e9f9839d,IND,Grade 6C
fb022e3aedd84bcfa486a11e9f271090,IND,Grade 5B
3bd830a969b31fdcaf19a80e934835fe,IND,Grade 4B
f496815f90ab4b6dbb43519c8480d48c,IND,Grade 4C
7b0c816ca3d9b45228d9a53899a6801d,IND,Grade 4B
0590ad966a42ecd95eda52bc5302d55d,IND,Grade 4B
fa87154520dd41219ce8f50a4f14fad1,IND,Grade 6C
242bf0a17e7516788b239319858ad252,IND,Grade 4B
650cce69aa824df08a17af1d741cf208,IND,Grade 5B
ee24272c49acd4619f9f1cfb690b75d6,IND,Grade 5B
d1aa208dae4d4050878cdff2551af175,IND,Grade 4C
9a7ba87c46fb44dd927b996f7823f496,IND,Grade 4C
3c1e96de98db447486b37d3b5b87f7bc,IND,Grade 4C
02a3c9a6219234df8bb1200c2c62f91d,IND,Grade 5B
c4b4a46d6303be53ec5307eaa22a6fde,IND,Grade 5B
1b94c26de0ff4bac94dd3aaaf7c32783,IND,Grade 5C
8c72019272ce429999b5884fe8bee132,IND,Grade 5C
74c64dc0f68e4026f2ef9a05e0674c20,IND,Grade 5B
7c290db2a6824e47a842dc8dbfb89454,IND,Grade 5C
e58e60e820cc43239a884501536f67f3,IND,Grade 6C
8bf1d4a265a747618d1e2b1c9aa3313d,IND,Grade 6C
0b8525976e3f4bd9b45ceda5d88f3781,IND,Grade 6B
10dcfbf00a8648c88b91f0a1e14440ff,IND,Grade 6B
7f74f0441adb7e251e0b55624b107dfe,IND,Grade 6B
713e5742068b8244ac5f4986755f923d,IND,Grade 4B
dabef0844fa54009b5b50c5a285c51ad,IND,Grade 4B
4e5b4c180f12418990c502018427aa45,IND,Grade 5B
0d5d47e4ef8590c6e49e24eaf287bbc3,IND,Grade 6B
64e7f60c60bc431ab84ac7cca89bf1b9,INK,Grade 4A
a5b1b746e28145ffa5a746f48a02ec37,INK,Grade 4A
f4a9ebe61be94182990f841a5466c9e3,INK,Grade 4B
5d18ffc4b5ad4798846b9aaa6298d365,INK,Grade 5B
36c7c72e5142413eb8d5d715a5c0919c,INK,Grade 4B
d3b7f5b537134c2188ad4a576f1f8942,INK,Grade 4B
e28eda89959a4fbd909aaa6fdb4dc1a9,INK,Grade 4A
d2da3913297d40a0b30fa1777c1bdae3,INK,Grade 4A
e4bf42f5b1ef4dac9041a8ee6f986b5e,INK,Grade 4A
a2b3541d539444909b85c7e81890d1f4,INK,Grade 4A
39b0278db85c4d7bb5fc88250664a7b8,INK,Grade 4A
ee5e345a083a4cc9a07d5c124b2d7ce4,INK,Grade 4A
995ce42df24445f193098ce96fc0d16d,INK,Grade 4A
c09ce006b279488fa8d0da07c52cf960,INK,Grade 4A
065714da976441de8bb9e3032415a1ed,INK,Grade 4A
196282e52c2c4810884d55cd6d6b4f5e,INK,Grade 4A
4e9ca6f9643a495f974c87824d7e8bbb,INK,Grade 4A
8a248d3cc606487a913596de05860188,INK,Grade 4A
747aaef53c0e44d88d214ff0a1cfcebc,INK,Grade 4A
44f7c6576ca7430e870a7a6a8aa55e28,INK,Grade 5B
8b5332b5570b4b458526956003b6b7ad,INK,Grade 4A
9e7b151c366c4b3292fbcaa0299864eb,INK,Grade 4B
3da6357f47d64e11b877f845fb18e29e,INK,Grade 4B
be541b8b477a4ee883ca35f358ac7973,INK,Grade 4B
cec24487a9e5441aaa26ca52e4d5e84c,INK,Grade 4B
ba2cf2c5c0944ea2bad33293da4fe314,INK,Grade 4A
18bbeb7b7f0c4353b2abad9d3cbc6e2b,INK,Grade 4B
21711115d8274314bc4bc6d94c7d56f9,INK,Grade 4B
8db134284be6409cba1273bd5712cd2d,INK,Grade 4B
6d6a905193884a7d9d088ca47fb39daa,INK,Grade 4B
8af56c911beb4261aefc4d581b82af99,INK,Grade 4A
3a2131b76fbf48068823ef47bc58aad9,INK,Grade 4A
2dd6c58cd0cc42959b698425bbf6c8c0,INK,Grade 4B
215cdd0560774d4a828157d8058304aa,INK,Grade 4B
b4d28c8c68c4465ea14936030af4cb15,INK,Grade 4A
180ffd65404a46f88eed6776d128f6bf,INK,Grade 4A
6007e0c0c8cc4236b8a926e2f7d68575,INK,Grade 4B
386f28d697af438db42aac9e0fbb1160,INK,Grade 4B
b5cfb0d00cc643a9bda1e4dc2216342e,INK,Grade 4B
4e765fa739494b5bbad9167df88b1f1d,INK,Grade 4B
6bd719bdde0c4986967bbf81b8d0cdf2,INK,Grade 4B
e2ebdfebf9bc45b8a01d0c4ee0a34161,INK,Grade 4A
45cb16abef74481cacf55f4ee095646f,INK,Grade 4A
8471c0ee54ab47b9b063eae7579d23b6,INK,Grade 4A
b7b8e8e2cac6459fb1bbfa15ada87aeb,INK,Grade 4A
db852cca1ae549cd848e3fefe54c52bf,INK,Grade 4A
4909cd1fa18e4e51a1e9cabcf9be64d3,INK,Grade 4A
1faee737e87549f8b72019c2e34728a9,INK,Grade 4A
9bfa989ab6fd4fa28bc58012a2e6b4b0,INK,Grade 4A
cca7de44e4834bc68aa9a07c8e653542,INK,Grade 4B
da973fc71c6746d9b90ac0c1936a15d9,INK,Grade 4B
2ba314833d1f4987ba0041770d8ea86e,INK,Grade 4B
b4dcea68b5514bdd9929a82c0bae9a67,INK,Grade 4B
ca9ed1f50ac541cdaf1153c72b6a282e,INK,Grade 4A
d1e3027dda554ee5a0673e60cba341d7,INK,Grade 4B
68b1532a3a374879a6f21d0292b314aa,INK,Grade 4A
cdcf0e4457d042c7aaa93dbc7ab27d49,INK,Grade 4A
7b6dee3ff9424eb1aba93c1a7b0cd474,INK,Grade 4A
58d9f1481c5b4a5ca498e10a070b7caa,INK,Grade 5B
06b0fbc8bd9e471892047aa4cf2e2286,INK,Grade 4B
22a81f0f07884b918dee88433b6e76fa,INK,Grade 4B
478bf38193ae4e24bbd258f9646a0c67,INK,Grade 4B
90ac7a8f1ad041cfbdfe73e425022289,INK,Grade 4B
6052ca27617a4ddd9e34a1986bf6c4bd,INK,Grade 4B
052f35e74f7446c18294bf9ee9ea653a,INK,Grade 5B
cf8ae008091f4a15a391fde611863142,INK,Grade 5B
4911e3169fd64185b8aacb5829d86fc8,INK,Grade 4B
70e1656e0b224b79b2cd96fe6a9bf0a9,INK,Grade 5B
1480074cedec443a93962c4a1f101fa2,INK,Grade 4B
a6904a40127b4a5ebd6253c255952b8f,INK,Grade 5A
59174dd87b2543d093bf3bf6f712341b,INK,Grade 4A
424c2ced8f3a4ea38d174b18489e8a67,INK,Grade 4B
dd05e98e33574bb4938431537afc9d8d,INK,Grade 5A
40a9263f01054fbd8139cbf04c45ce54,INK,Grade 4B
83d814197096452bbae19d9eee8a4b3f,INK,Grade 5B
87aeabad11044c5faddf4485dd9ea9e5,INK,Grade 4B
8989e643a0de4788866e0c0d3a81a9f8,INK,Grade 4B
51437288b7f54a41b79d537bd9ddce62,INK,Grade 4B
4916c147d8dd48b9adace942aeadd782,INK,Grade 5B
8051a22062d748478bea4d5dd670176b,INK,Grade 5B
50c2871798e6439f802bac1558611e08,INK,Grade 5B
b57e71aaaf904be2abfd69977c5d7380,INK,Grade 5A
1b5c47f1b33545b1ab424be55cbff4d3,INK,Grade 5A
37d0ba7d04dd4248bb9c30482af578cb,INK,Grade 5B
e2aa55dd65be434092902171b30e10c5,INK,Grade 5B
917756d94db341e8aef960930b296f7c,INK,Grade 5B
f921312566214ab898da2372d272cb4d,INK,Grade 5B
778653672ff0403393de204328c58e93,INK,Grade 5A
2982468842b746a4861d32b8fd8353c8,INK,Grade 5A
886713b4c08441c6be27e677fff24a65,INK,Grade 5A
f14c62af87104074aeceab184b885359,INK,Grade 5A
7299f56fef324059941d7364644c1e2a,INK,Grade 5B
975fd32c2cb349a5a37bebff44ed8e64,INK,Grade 5B
f9b8244a77a440989b5c55525546849a,INK,Grade 5B
77f2ac8dca864553b73ae8d16bd49d20,INK,Grade 5A
b6e3d058068a4fb2902c888d0ce5110d,INK,Grade 5B
063642e9a2e740f0b3ddf61048852ffe,INK,Grade 5B
24a2379412794eac970f51d9cbe3d511,INK,Grade 5B
dc12913e1e5e42c6b64da3c6a7edb487,INK,Grade 5B
00de453a00c74bb6b1ddf775c68c9f9a,INK,Grade 5A
1a401a13d3384b5fb1f8e6cdd7598a70,INK,Grade 5A
3f19f1d043fa4975b54cab4d4d183021,INK,Grade 5A
6052077aa9ee4d4fa852bc3c826533ec,INK,Grade 5A
ec522a9a361c414a828587de76c488b1,INK,Grade 5A
fb1a6deb0dc6408b9a102f3e26be7c86,INK,Grade 5B
461df2fa3ed24178aec40fe591788158,INK,Grade 5A
71fa3dbcd3634cdcb1503ef0eac2b312,INK,Grade 5A
473c16b3402f427a9b418383906e25bb,INK,Grade 5B
011609d5f0864c63bb6455111a9a474e,INK,Grade 5A
a23eb0d7b7d3460cac07ab1ba8a6e121,INK,Grade 5A
d1fb35d532f443caa313ef0ad598a6f7,INK,Grade 5A
1b97e9eff54443dab3714523da54efff,INK,Grade 5B
77b145bfe63b4dd49d05a00d5ae62883,INK,Grade 5B
90c82edde69d4388aad59182970039c8,INK,Grade 5A
aaa784684f8f4993a480b6341e1b25ce,INK,Grade 5B
e9e1563751484d508089360d6a412a3a,INK,Grade 5B
865aff33671e4ad2a0836f9c88c1087e,INK,Grade 5A
3820fe5e0315428c9398ea812765ba24,INK,Grade 5B
d5d86fe41b39435bab579085d5fd4e19,INK,Grade 5B
a5ac55248b09484787f2b3cdde7938f5,INK,Grade 5B
e8b03607b4fe480e9162ad7bd69d7987,INK,Grade 5A
73708bf155eb4d2ab6a1418f70f59282,INK,Grade 5B
fa84469ec8cb41059716b5137d13c2d9,INK,Grade 5A
87981701780e488ab0e77652ad6f9393,INK,Grade 5A
8d68cd5a61d5478ca7ff2fd9022b22a9,INK,Grade 5B
219eabca4ff44ee89925bd470b87f72b,INK,Grade 5A
bbfbc8cdef2241d5b72bfaca9566605b,INK,Grade 5B
781c1db0cd144e929d5655998c8bb110,INK,Grade 5A
52fa99bf5a44479aafe83f4bf544d72b,INK,Grade 5A
00ae676ac4ec4b1baffb0e1a650320c6,INK,Grade 5B
dab377564fe24ae0b8149cbee324918e,INK,Grade 5B
bb04fed8e40744c1973de9489b97566e,INK,Grade 5A
2045620dc52c46ffb6a480697b93c070,INK,Grade 5B
2d5ef2f2e64a497f9d40dbc11e4218da,INK,Grade 5A
a622cbdf9e224ddb9c11a441060a77f4,INK,Grade 5A
ee96445021a84934a1523b88e02e1274,INK,Grade 5A
0e646af423a74de6a913459c3001f7d2,INK,Grade 5A
42e47c8917314d9ebe1534c8bae941c3,INK,Grade 5A
977475516af048a785101a7a29582ad5,INK,Grade 5B
e658ca520d7a40848cdc719afc40215e,INK,Grade 6A
bceb9e4d059a4004b2193880ba8c0616,INK,Grade 6B
3d5c728e34494ee5a93305794bf857d2,INK,Grade 6B
e5a0bf2bb4c149a89fa87000fbe46e81,INK,Grade 6A
bc71c10d638f4d1081f26f600d2d8773,INK,Grade 6A
5502651d16424bd2a1e4a3894c9bf421,INK,Grade 6A
9fa0187a66bb48c6a40f230248e7a95d,INK,Grade 6A
089cb02d8fc84d0eb0a90769b5ea16a4,INK,Grade 6A
9d273259c37f4bee921b399ea9eae408,INK,Grade 6A
7284d001524f4a90ae9579c40c0f18bc,INK,Grade 6A
13809a4a8f274daba91dd94897703168,INK,Grade 6B
80053d881a8748bcbdfcfb3adfa9819b,INK,Grade 6A
d582149f92774418b8292f7e7897d75c,INK,Grade 6A
f6c204c0dc2048ea91cd072b3bcf4987,INK,Grade 6A
fb008b66d93a43a3846e4fe79d1bc5e7,INK,Grade 6B
abce5e4ea2d4441f9dc8098575b4d467,INK,Grade 6A
9dfa9219ca7040999cb693ed1cb529cf,INK,Grade 6A
e6d3777c996b40728df69deec3919596,INK,Grade 6A
5bca80d7bf9948e19f682c931cbce941,INK,Grade 6A
edc71569cd7e40148ac713979c8ed119,INK,Grade 6A
4f85d608d05543169fed5b6dc0d72cbd,INK,Grade 6B
ba67f9496a4e483c87b100e423b2201c,INK,Grade 6B
9eec0ea7008a4fc993457b86dd3c139a,INK,Grade 6B
9d1d5ce7357d4e76ba97b3a4ecdadd48,INK,Grade 6A
9422783f55054355ba197f186b7402ff,INK,Grade 6B
83734ac298484988b1406ee2eb24db0f,INK,Grade 6B
605ee51701404976b790932b2cd451c2,INK,Grade 6B
5c10073317ee4369a16319d2b96b0df5,INK,Grade 6A
4b332fee077a474e8753140aaf452fa1,INK,Grade 6B
c31b01e77ab849518dc8fcb356dce951,INK,Grade 6B
cce1f4dcc0f04bd89a9b949aac94a8ea,INK,Grade 6A
3dbc3050f4c44ccf96fe766999723a7d,INK,Grade 6B
31f460d9d93243608ab220f39b6e737e,INK,Grade 6B
7973ed2ccb5643e7a0ca3d41f1c447ee,INK,Grade 6B
ddf29f5059614e05a7fa80cbf02908c5,INK,Grade 6B
5e9f1dff3f734fcda4d23d1a16c81e68,INK,Grade 6A
72660900e90e4d179e35ee727e9c2d16,INK,Grade 6A
cd2f712e8f7849ed92a2ca1a0ef06b95,INK,Grade 6A
5cd2d4c46bfc4daa899ff13f6af96880,INK,Grade 6B
2d8025d979804d6a9c0f7c41c55dd2e9,INK,Grade 6B
293f3a9464ab417b97e361f7f3a4764e,INK,Grade 6A
7a601a190d63477e9848e7093ed34bb7,INK,Grade 6A
8b62b69b9e364c68a31d180ceefb45f4,INK,Grade 6B
29862468aa784bc6bd0ed4e50829d0d2,INK,Grade 6A
99800686068f43338a17d6def50c6f5b,INK,Grade 6A
99147be6befa4aa59e4ceb20e2409724,INK,Grade 6A
ee85d2e2ba784f0c98c93c584ec321af,INK,Grade 6A
1008e7700aea4e22995a4100194b9164,INK,Grade 6B
41a0f4ae129844b59dc68d0c30f53d14,INK,Grade 6B
57a6a82afdd5425598182c945d2ffa78,INK,Grade 6A
971a26c64741463b80d70a98fb992994,INK,Grade 6B
e1c541b854c044afbf56890102f5fc63,INK,Grade 6B
47583bdcecb9482688ca82339e84aae2,INK,Grade 6A
f51c004a13d44b93951b48c022e77393,INK,Grade 6B
43805d86bf0f4ad385a0d444ea7fe3fe,INK,Grade 6A
8540638d1a3a48f488f04e183d10f1d6,INK,Grade 6A
93d3868fc2274c969d21784dda260e47,INK,Grade 6B
7bb477a97b0e4382a1dce139726083b3,INK,Grade 6B
521b256907094cacbaf2c4efc77c4883,INK,Grade 6A
69e3be9469724015b72a06eeb198fa5e,INK,Grade 6A
ea2170c4e251f94016eb714701c7f9e1,INK,Grade 4B
5cce98b448f24cce90d0aa76a2219daf,INK,Grade 6B
f3986dc549856751eaeadd11ee2864bd,INK,Grade 5B
de7991fe5ebf49878b84bd494a3e9710,INK,Grade 6B
843bb63beb4c427192761c1b4f4b9031,INK,Grade 6B
4c7665850d1b4404b9db44154ff32a35,INK,Grade 4A
b4e9d9506ffb49498da14c36af80e0a9,INK,Grade 6B
18dabfcc4666ae8573e31ab84eec9139,INK,Grade 6B
c11e151708264aa1b261e5f05c3aa188,INK,Grade 4A
9ba262af6f9f49a188856f5efae3b93e,INK,Grade 6B
d28d3e60d8c546f5afa79fa4f4b94964,INK,Grade 6B
4fc2cf37affaff1fc6878113744b4775,INK,Grade 4B
9abb5590dd8547fbaded032dcb233c8d,INK,Grade 6B
d9ca111596177ccf4dd6e195f731bb2a,INK,Grade 4B
cdf1071136a74685b68f5a8487c61b73,INK,Grade 6B
90c83bc846e3469b8571f954d72cbf86,INK,Grade 6B
ad183719f4934298b3bc654e4d136fde,INK,Grade 4A
1ce2186197014029a54f6e620b7713fb,INK,Grade 4A
d066bfa11db0492e98a90c9b5b6c22c2,INK,Grade 6B
d6ae922cd6b445c1a0711b37a7affc10,INK,Grade 6B
9e8ac2c4adbf4ac99da058b32c05d1ce,INK,Grade 6A
3cac100a67e34072b0aaf20411ccd8d1,INK,Grade 6A
7036b6a0b589b3db464a9d74515af188,INK,Grade 4A
76f7b5c17bcb41119ca335efe7859378,INK,Grade 6A
a5aa9b1741d4498b9f0c8e2c00f85526,INK,Grade 4B
2c5f1fd22d4f43e49995023b78886ac5,INK,Grade 5B
dbd62c5a20ab42cea0b09981d942ec56,INK,Grade 5B
272bbb1048174f7f95939a0b4a4d08fe,INK,Grade 6B
3d497b3724b041b699dd7e3854ebfbfe,INK,Grade 5B
66e993ca66af789626f581faadca1c71,INK,Grade 5B
f719f769bdbc4caeaa4c6554173e9a88,INK,Grade 6A
92169647cc0e498284976a7f25858e3a,INK,Grade 6A
7d8f5f4406f54e6f8b16d2c13afd66bf,INK,Grade 5B
b070f7f812cd4d0bdfabe79f146c1926,INK,Grade 4B
e98f2821a7454dcd8c6d09af3e2391ab,INK,Grade 4A
76e380632387bb771fc0c1053c2d8e5f,INK,Grade 4A
8266b73a3b5f4b938f67afd6facbf8ec,INK,Grade 5B
54d4b9be24fe4673971744633a352c53,INK,Grade 6A
747a098a66514fe2813eb5a71d6b5cba,INK,Grade 4B
4570eee06d45493e861277be3666b00c,INK,Grade 4B
2f80efcf44ff4f19bc5ecc7340f68204,INK,Grade 5A
39fdc8f6df884283808b754013b6fc96,INK,Grade 4A
e8f1080e8b95424ea2f5b0929ef03eca,INK,Grade 6B
05dcc709084d41bab515fbf8c0cb5e55,INK,Grade 6A
669c1b8943c5a5671794c5be4f059055,INK,Grade 5A
1d9b8af68441f18c277ac40636f6113f,INK,Grade 5A
7d4d02ddfee8450594780c879613eb3a,INK,Grade 6B
cae625f8908641a8910362366dcf7f98,INK,Grade 4A
5e3b32fe4f3741bf856645c1c862a3b7,INK,Grade 5A
db0cfae6b9504affb27eec9e21f5db0b,INK,Grade 6A
1f93f8a96e974f239d732db9934cdb25,INK,Grade 4A
8bf8c0771c7f4e8ea3e739ea0133b2ee,INU,Grade 4
0521631141424cf39bed0a42d5222a4b,INU,Grade 4
f9b22ab6db18405082fabcec1ac861e8,INU,Grade 4
4682bfc1c02744e8879ad38c2fe1f8b6,INU,Grade 4
882714ad7aa7499ca69f0593f4e464bc,INU,Grade 4
1f8dafab3df4497f959be33099d0efb4,INU,Grade 4
9199693f90b549c691f21fd9ceac514e,INU,Grade 4
3a06d4be46844136abf7daba7d8cbc09,INU,Grade 4
f9c87a225fa0462a86a94e6fddb83ffc,INU,Grade 4
2073f643ff5f4d6d94997c0b190be377,INU,Grade 4
ee1a69da15d0449ab66f20b7a4d30f79,INU,Grade 4
3795b4970f1b4eac8efac5d21b14831d,INU,Grade 4
4bf1a9528e6a4a40a238e0d5e06e7fca,INU,Grade 4
71eae0dacf4845dd8b5423b2e1d453cf,INU,Grade 4
22e2a36659074ee8a8844348916ad0cd,INU,Grade 4
48a8af40a67648de9d97a113c82f0f63,INU,Grade 4
6950d6cb55a1474383858c2c6e64267e,INU,Grade 4
eb05f92242854f5f981252fae7a79471,INU,Grade 4
20b39b754e034a95824a9f8c1ad068dc,INU,Grade 4
99d8f173f46448a4beb8550ff900bf1d,INU,Grade 4
9bc0346b31134e73b173cfcf33aa9461,INU,Grade 4
f603bcea3a324976bf2a70a87d07933a,INU,Grade 4
6f1e1c4cf3dc42758bc3c143d6568494,INU,Grade 4
e903fdb6fadf465199b23e175a6047af,INU,Grade 4
fd1aa63e56d444528f95b9c2a9098d0f,INU,Grade 4
6aeb1f40a1084de4b9c65621ff52d783,INU,Grade 4
0397be77f0a34fcc806f22f66ed2d083,INU,Grade 4
22a9893bd29841e9b716dd03df3f3cbe,INU,Grade 4
0bb765a649cd42a18a4cdfa4cdc6ce18,INU,Grade 4
7e43db381466481aaf4c18302db3f246,INU,Grade 4
5e0308f12ea94f24b6f4d8e3417f1daf,INU,Grade 4
1ecedc1e848747f9b5b6134bce365e78,INU,Grade 4
3eb7d45f4025409a992d81b382cc7a7f,INU,Grade 4
f3600c64b98e4833a5eb9f67769fe617,INU,Grade 4
a22312212beb419da077e182df11ed9e,INU,Grade 4
415f720be87045519577cd74f9d66526,INU,Grade 4
938c34010d224510b90e783ebe4cb02f,INU,Grade 4
baae53c425f941a8930840762eee0c8c,INU,Grade 4
05c46197a9c64fc6b54a22572bab6c8f,INU,Grade 4
f7289c127a9e4c33ad8204450b492293,INU,Grade 4
ea70824d91434ff486fd54b3f17ff321,INU,Grade 4
08b31735ce0f4707866ba64b17ea057b,INU,Grade 4
2898c8a677794fd8b663b9fd56083f3b,INU,Grade 4
cd526c1f58b843199cbbbb05ed7dfaaf,INU,Grade 4
1d3806f7abaa4a81a1f259fa712bce3e,INU,Grade 4
372b794262e744cba8702495c8e56d81,INU,Grade 4
daa7a280308147d597df4deec660e445,INU,Grade 4
9b6bff11fb6a4f4296cddcab1bbbe0c6,INU,Grade 4
a2ac64573f1c4243a30a2e74360dec15,INU,Grade 4
ab0b6ab8867c41249e88c7ca54e7f651,INU,Grade 4
97787e8f77bd473a85cf5702bd4258e8,INU,Grade 4
562d83c9a8b1429bbbfd68d1fcb58cc7,INU,Grade 4
230d3bbb789b4464932f622f0f22d531,INU,Grade 4
6214ad3cb53142c6a251af22457e3dfc,INU,Grade 4
919547ca3cf246f09af2f924b0b96274,INU,Grade 4
2b99e763e00544a0a1f1802f8745ee0a,INU,Grade 4
ea677f39015e44cfbb86c9b30e395b80,INU,Grade 4
fd3591a0a40041578993db1af14ec1d6,INU,Grade 4
ac531ff5eca14a1fba73e99045305db7,INU,Grade 4
3697f893133c4aaca9434de099d319af,INU,Grade 4
fb35e32143b24432a27430f6e5ea4d71,INU,Grade 4
9e5b361effbc46bcbc4c9c9fd0a3d2d2,INU,Grade 4
8d4f25f3a5e94a9493f70c18aaf77028,INU,Grade 4
3978041c02324e1db38b3e01e76fe93c,INU,Grade 4
2e65fffa157848fcaf23158fa0f0b5bf,INU,Grade 4
65f1a6b4831344cfaab69c416addde8a,INU,Grade 4
b75d64cd400240718244fa9c370237ec,INU,Grade 4
efe02d6da7e74cc7890491218373ef7b,INU,Grade 4
4447dcc599f5415ba8a4babb94a52286,INU,Grade 4
eb3d2674958a4c37b68a32f2a081578b,INU,Grade 4
913eff041bba47da9c23dffdf3bb2466,INU,Grade 4
ed91ce914be44089957340ebc76d714e,INU,Grade 4
f5d940850e424755a4ef80c317cca35d,INU,Grade 5
b0d694effba04a2e955d311df3bb2f91,INU,Grade 5
35ca194de8554ccbbd2d81f0cb444d24,INU,Grade 4
7e074dde5283457fa9a9d75a6d28b9f9,INU,Grade 5
6249efbeb0814a74a50e72a1aa81408d,INU,Grade 4
2761b8cf7cc5421db349890176ebc0a8,INU,Grade 4
ad4f15aec909463faacc461f3dc1c63d,INU,Grade 5
d87c5eb477f94f9eb17dfa62c8301b69,INU,Grade 5
c875139dfb3f4aac9f410239e45fdec5,INU,Grade 5
fa5e5ec8ba3e4f5ca9284bb2fb4a725f,INU,Grade 5
eaa174ef1d1f43eeb252cd4892128447,INU,Grade 5
bc6eb8de91674a30bcbbf70793018e35,INU,Grade 5
d20d90fbde9f40ae889be64cd03755f0,INU,Grade 5
fdb291e5242b4c1e9e7d99ed19f2dc29,INU,Grade 5
a37d270d824446c4b944e5792ecb9bbe,INU,Grade 5
31251b4f7f904d23b0153a8bf0da2e76,INU,Grade 5
f35490ecbb8d4b2cbabe583e8a6582ee,INU,Grade 5
df0d028c67314955aa73be684e4ed2bb,INU,Grade 5
e82fbb7a19b544eaa8d822bf20caec23,INU,Grade 5
5a2ede83cc2649de8461e93074456876,INU,Grade 5
f59030a188444714aee90142017a6273,INU,Grade 5
383bb66d12a8498ea997859005d9f4f7,INU,Grade 5
a92b748f25854dd8ba3995d146fdfd51,INU,Grade 5
e97a1643601c4653b54979af76a136f2,INU,Grade 5
78e5c89ce47d4b4d8950cea9cc72666f,INU,Grade 5
ea68ef122ab245ebb4aba5980193bdd8,INU,Grade 5
5445857be1fb45728048510cba1d6804,INU,Grade 5
e856071399ef45fdb8d3459f6d455d87,INU,Grade 5
9dc25adfd1484779946cdc3208bd428d,INU,Grade 5
1c252a5968ee4b4a8e57c36d9e5cb6e0,INU,Grade 5
415673abf99d4cfd84c5fb7124e8a02e,INU,Grade 5
ffca4b22372846a2947ccc415e68e869,INU,Grade 5
861bd4c3f01b45d99ad648e0b33e43e3,INU,Grade 5
dc77990be32c4889870719d38607c05b,INU,Grade 5
81e3dcfc47e94449802b8202cb5c8b81,INU,Grade 5
e8be6548d65f45c89f20fa3f8fc37637,INU,Grade 5
3b60b7b28005499192d7e88954328b5f,INU,Grade 5
15f0c332e75f4acdac239e4273b3f220,INU,Grade 5
75e9b68856bc44bda4c79982427e4395,INU,Grade 5
f985f15e437c4a5baec17c0022d84ac3,INU,Grade 5
d573551c0328496998b1120a8b46abe7,INU,Grade 5
ed188b76344f4b34abfb3f2707442e8e,INU,Grade 5
9263d66e7a3b4d88b9aeaab0e0d37f97,INU,Grade 5
c38d15f4ee044f1ba6550268848e2b5a,INU,Grade 5
5e0f7074f532472d806d36fb8251e173,INU,Grade 5
b26c9530dbe145c1a4932a7841ee1bd2,INU,Grade 5
6ad96b35312747f1bca30cdbbcff64d5,INU,Grade 5
600f674a883f4b6dbb7a879c70532592,INU,Grade 5
bef1467850014f5f81aa524c135e0225,INU,Grade 5
51cd92c1624a4d69b29fd2b092a71498,INU,Grade 5
1c7a1e7c9df445bcbbeb604a53b31533,INU,Grade 5
17b8892aac824e2c8f257f608f89dfdd,INU,Grade 5
57dd110b7ebd48a59cca14f60e41153a,INU,Grade 5
ab425ae1622f46a986bd8cc058963b13,INU,Grade 5
515098a50a1e44bfab46ce44260cfe13,INU,Grade 5
0a8b1fea311f433ea8bed449cc809617,INU,Grade 5
18f73baf58b048ac9e3165c8c3ce475a,INU,Grade 5
92e1863b980c45f39bea3a7ebd680f55,INU,Grade 5
82ab254097124036b6583d08729d08d9,INU,Grade 5
6a92f41508ab44ebb16e6962a4c95fb0,INU,Grade 5
e6d34e86276b42068057d34d2f61d085,INU,Grade 5
4e6e78d1952e4e9da9039137b986ab11,INU,Grade 5
5576b35eedaa4e94840b093fe83d0f61,INU,Grade 5
c391deadb5134550a410ae9e5431b551,INU,Grade 5
954d80f6b68f4c21bac30584d62f3151,INU,Grade 5
048383c8e97d41a59a0180b39692d02b,INU,Grade 5
5e549cc3eb51481786ab73f81a60b58a,INU,Grade 5
4640d32c0ea040298f0550f3072266b7,INU,Grade 5
e373fe368f694fd48fd26e40917e1479,INU,Grade 5
cff5bab3d6314942b44a02255d46c7d5,INU,Grade 5
6e47e4ea092c40adb622d8e7af5df10a,INU,Grade 5
8ce5b81751ac4a43937021d6864a8cdf,INU,Grade 5
e0df15d406944bdabf3df93f689ae90c,INU,Grade 6
9e2475fd97094aaa8798cfc0ba849f66,INU,Grade 6
6c98c4607a0a4af6851996508b6eccaf,INU,Grade 6
f3b0b4c7eb084803bde10d57f4cc5637,INU,Grade 6
aadc2af704ed4c6dbdc75461f57f2ece,INU,Grade 6
bd6308a0a92c420594b54e2d6f9f944c,INU,Grade 6
4064434a2e4945c9ab64d02ce1151557,INU,Grade 6
142ce3aa97114d77902ac5161b0be0fb,INU,Grade 6
3eae8ff17df34c87b0a725446aa78057,INU,Grade 6
23308e92077348e980ea1002c102ae67,INU,Grade 6
d432577cbe844b2084a22eb5215eb120,INU,Grade 6
299ab529149a47e6af50478b777d6569,INU,Grade 6
460a6cd95998428896532b7d7b4d63dc,INU,Grade 6
b20ec9f0f9fb4d9bbada257ffee8d003,INU,Grade 6
76f339fa81474beeb9e3fa818ecac472,INU,Grade 6
6468c356dfd649e8a506896aedfd3fd6,INU,Grade 6
1bac7d8db44b48fe81a626d95c0ff978,INU,Grade 6
c22072e6ba634068b3f88d21ff52753c,INU,Grade 6
837ff81380af4c1db87a295be6b7b81a,INU,Grade 6
1a4855b97fcb4168a34225802fc4736f,INU,Grade 6
d7d3ae6438cb4fa7b789a5c5f40c7249,INU,Grade 6
35888dcb12334b76903cb279e030c941,INU,Grade 6
433ab982bb76444ba645868a91b0f69c,INU,Grade 6
13441ddb02ee411091d8e00438e612ea,INU,Grade 6
30950d97daf3470e94d2dbc0ad3db067,INU,Grade 6
97516b2001b1416fb43aec20b949e5c0,INU,Grade 6
5633a36105244712bd6039bc85b24a06,INU,Grade 6
be38529472f649c6861ba2270fe725c6,INU,Grade 6
51535e49dfb046b8abd5ab7e044bd44e,INU,Grade 6
50fb9b5f51af4154a899a8507bb90cdd,INU,Grade 6
d9696e353fef4fd09353dee3a48edeeb,INU,Grade 6
df2c92451aae4bb5b6fb190ab4844213,INU,Grade 6
63a30671af65412d9195deccbaf7b7bf,INU,Grade 6
d3989147935f498bad5cbf3fa1fd2084,INU,Grade 6
276d469b17fd46a3b1c89e5b218fa5de,INU,Grade 6
f16531e02b9b4da8acb65265a3bf99a6,INU,Grade 6
5d5f93bc62f544d1be1d67c6dcf302cd,INU,Grade 6
32997461c45342f284d0db6cae7c14ca,INU,Grade 6
94106f9f92a4417684a559a1a8db7838,INU,Grade 6
aadb2a3b0cd440668f489dfdd9b1d7d4,INU,Grade 6
51fffff46b2e4a84b7e0fa28b0b965d5,INU,Grade 6
8fc779ecc76f4e55b09a1dff8018c59f,INU,Grade 6
48cbfbf0f5f94212a4f7e43abad37f9d,INU,Grade 6
7c9a5508e26848f6bca27a5360789c40,INU,Grade 6
801050f0f94c47a0953102e8c3203fd1,INU,Grade 6
99325a8d2d794351b58b3d98528cf971,INU,Grade 6
a246d6baa0f14628866c441a10f9c165,INU,Grade 6
6da7fa2d26be434fa8ae852be0c878d3,INU,Grade 4
3f0c07c2b91144cb83d0586a4d53a47a,INU,Grade 6
a12a9311c0d2490cb833379bf83d710a,INU,Grade 6
692e14f8d3004da6af4ebd65bb2af646,INU,Grade 6
16652852fee44fbcaf8bf23d3508b8ce,INU,Grade 4
9a1d611dbc654641950d882feb253d02,INU,Grade 6
4b9ed6cad9c5400db27625b3adb65f1d,INU,Grade 6
dbeca3c1eb4642009582a2c5569637de,INU,Grade 6
84e2548d70fb4a5692bdd27ac08ccf4f,INU,Grade 6
b70a11bed8df443596fcf5d92e26e545,INU,Grade 6
39294e28e5e64ce58e0005ff41f17ba4,INU,Grade 6
c1890669d9054e35a921e763e608d21c,INU,Grade 4
d45e230dbc3143bcb9dee209a211e66c,INU,Grade 6
3bf599f3619145c6b40254f24dd77e61,INU,Grade 6
55b6ff12103840f8b62a632e746ef437,INU,Grade 5
009bd6285fa469bac526b760e8d6a3d6,INU,Grade 4
8bcc725aef514abdaf4f43e1f1a3d2d2,INU,Grade 5
66a4e9fd0bc047a48a113d626201b61b,INU,Grade 6
9f67fd79955a447f8526a76af95efc58,INU,Grade 5
80cdde0ebe8e446e8109a0532c0403c2,INU,Grade 5
a6d996e3171749b487c181cd0fedaf7c,INU,Grade 5
d69541ce8c2d4faa9400a165f3e82ef6,INU,Grade 4
717ebc3698694a2bbc54be61d1e979f3,INU,Grade 6
2b03ff2c06396f14b0f909acb78730f8,INU,Grade 4
45c15b2be7d94b71914eaae8110dadd9,INU,Grade 5
8019f2783b4545ca9f8460d1b0e57f86,INU,Grade 6
43be7fb0c66e47da8221ee6f54dc96da,INZ,Grade 4
b53e60e2d3c84b8e8b2a911560f5c53c,INZ,Grade 4
af7398882b47407e8ec3f00dde564e95,INZ,Grade 4
fce1550ba9c54b78a4a04a52896b1bd9,INZ,Grade 4
89528a78de504c61b03bcdf997c30764,INZ,Grade 4
cdbb6209d29e4e47b2703fdaf79132be,INZ,Grade 4
93e8ec00a6bd41c58cf7637cf7ef7844,INZ,Grade 4
8eddab97a91e46ddb98ebd3b7fc17d83,INZ,Grade 4
05c3e745b6c64980a1c19eeb49046d91,INZ,Grade 4
209e62c7e56e440cb53752aff696ee16,INZ,Grade 4
888baedd24e84dc39c2ba40a8d3d265f,INZ,Grade 4
589a92f98fe846fd84dfebdaa35a426c,INZ,Grade 4
d76e2543418d4325831eaee12ea3f68f,INZ,Grade 4
bc329b3d9f1c4a3eb514f28a916cbec6,INZ,Grade 4
c45c2eee68ad49c88f10d15f131c4c44,INZ,Grade 5
246ee6f1b3b44895b8e119cb8162b0dd,INZ,Grade 4
ca7f7991d83e4cc398cbcb98416845ed,INZ,Grade 4
f1e168bbda904b1d85361eefb8947bd8,INZ,Grade 4
76152d81b40d4abead127918d4520120,INZ,Grade 4
5689bb5547b348919f18bd6badf724c1,INZ,Grade 4
9118541e54bf4ea3a03343d8240d05eb,INZ,Grade 4
4e4b1c4a3dd9425fac708b97456fddad,INZ,Grade 4
cdcf43bc609a4a7e8893545354e51bd9,INZ,Grade 4
bddc5632a694494b93a8df6555d1da66,INZ,Grade 4
a898b837c5c843d88a28815fe8717fd5,INZ,Grade 5
fd9c14c0e734465c926ab2b71a469d1b,INZ,Grade 4
2eeb615f870545efa69802fb172b87bf,INZ,Grade 4
aef37723c3df4f01b1d035a351107577,INZ,Grade 4
3fe43603186243bb9f75ca8cfc740a51,INZ,Grade 4
26099742dab746849d5872716c49656b,INZ,Grade 4
11b15e4bfb5f4d63a9ef191be74fe681,INZ,Grade 5
05a07c88ae5d4d91834ca2b3054744eb,INZ,Grade 4
16a45a62748944e3bdd0167771000040,INZ,Grade 5
7a2da9cb3b164c28b6287068ef282042,INZ,Grade 5
7b7d6870823c472e9b801e95bb7765ad,INZ,Grade 4
31fd76b1eae049e4b6f08d538d7e32e3,INZ,Grade 5
f8edac2029fd42858ca4aadacc535547,INZ,Grade 5
b01b0adff6484596b4ab7fc5bc1eea8d,INZ,Grade 5
1a79011608374756a5198e423c8dd797,INZ,Grade 5
12c5bda276424684aea55c3557e534b0,INZ,Grade 5
4b47bb9fc418413f876325408c1a7910,INZ,Grade 5
884ccd57180540f387d9584daf175df3,INZ,Grade 5
9293dc488be646a49db8fc26abc7516b,INZ,Grade 5
2ca798744a324cd9a7d1bdf0a2c30d59,INZ,Grade 5
e268c1494b3144e187307e8ae0c971e2,INZ,Grade 5
c4187cfb4cd842c582a2681178a32f83,INZ,Grade 5
85eeeb264fc84ad3b2b1aa678a5ec167,INZ,Grade 5
413ba2b80ef640949c6cd1bd6055254e,INZ,Grade 5
38ba60da005341e49b61e8e426fd5425,INZ,Grade 6
933d48015f2643c9820cb42c96a0597c,INZ,Grade 5
f575d029490e4439b321147314f3f801,INZ,Grade 6
52c343876f104c3996e270bf8e40fb19,INZ,Grade 5
8b7c5e8093f94e75b993872927f43812,INZ,Grade 6
3653332bb31943ad90bf0def57f565cc,INZ,Grade 6
7cc8660726b84278bcdf9bfb61882c34,INZ,Grade 5
79ddfdf930714eb8ab2122f88c3e083a,INZ,Grade 6
92267c7223c14c98ba79ab5bb8e329bf,INZ,Grade 6
de3a9ba78b5a407286fe0234aaafe137,INZ,Grade 6
c9a2818c696c4411983322ab7872d83d,INZ,Grade 5
54773e37b501469eaa6dbaa9bd55600e,INZ,Grade 5
fbcb06493a7844d68e42a34a2e1eafdd,INZ,Grade 6
f464306db1d4473bb89dec2ef15e1040,INZ,Grade 5
ef870f878ae34769927b9c90cbc5bb34,INZ,Grade 5
c23aac8b96be4bd0ae6413208c8d28c0,INZ,Grade 6
7208fa1f463b436fa14d4b6f74571843,INZ,Grade 5
64915de213de401fa34cb93f74bb342e,INZ,Grade 5
43423cb36cea4a7f8eb212c6ce948045,INZ,Grade 5
3f965aacc13e4e34b641568a7a6fe95c,INZ,Grade 6
9005be76139041e0afe9e17f081d5a49,INZ,Grade 6
6e24d2a39d5e493caeb24878ea5ee0af,INZ,Grade 6
b337ecdfc4a8491e94d9d069bbe3122f,INZ,Grade 6
8a6616f7b6c6472da9f0875091ffa703,INZ,Grade 6
35c35be50c0f457dbed7932f2f665484,INZ,Grade 6
0ac2079534f14cf98bbc7e37ccccce86,INZ,Grade 6
666e007d62ed4d278002fa2e4359db49,INZ,Grade 6
0847c4668e2e4fdf88143a19f77911c5,INZ,Grade 6
977b9f8df589499593d6bf61193aa905,INZ,Grade 6
a4194a7eb1f0456bbae33744e9109ecc,INZ,Grade 6
f88a0fad0fb54b7c9f4ff35270c896bf,INZ,Grade 6
f40e35b9c4bf47c295089b3a98af5c93,INZ,Grade 6
d809612b5f9c499cb2dc91fc3134b8e5,INZ,Grade 6
d924bd3a71c64484811082da98101ad3,INZ,Grade 6
821eabaac4564ea6a7df0b97b266ed32,INZ,Grade 6
e8bb27128d3947cbbc4e9777f0b7dbdb,INZ,Grade 6
93b2fbb5a4b544d59c03690937ac145c,INZ,Grade 6
d686a18f962447ca80a053efc3179019,INZ,Grade 4
167711723b5e400ebe5dabefa2a9d331,INZ,Grade 4
09e90ab16013499b8aad8dc74708ad8c,INZ,Grade 6
ae64395d6cf04ce7b8db38cc07809c98,INZ,Grade 4
b901d7ab42a747a7a656d9dd9bf61bba,INZ,Grade 6
f62e7123d2c64a80a0a5510a82cfb390,INZ,Grade 6
17cbf97cec1e4d3783e914f9bba18994,INZ,Grade 4
2119dd2a14814c7dbd2c00dbaacd1e68,INZ,Grade 4
d8a7ac7c50bf4486a46f04a7f133a513,INZ,Grade 4
b4be90cbe5094d6e9ac8aea2ed5c8e32,INZ,Grade 4
56628af91cb44243bea4bda361afaa64,INZ,Grade 4
d31a5c0746054a2a97321fca76fa8602,INZ,Grade 6
7113227630944ac2a680476406bc8151,INZ,Grade 6
75bfd3078c234abca3068517d9f4669e,INZ,Grade 4
ad9eb9dec8e04a268998ada53b2cf428,INZ,Grade 4
d08e606747d641b1bd0f64346f85a466,INZ,Grade 4
2ac081a8e30840a6bdfb2af23d1c8636,INZ,Grade 4
bf0bf2134ed74bd98ab74e7f91874310,INZ,Grade 4
ae6f902ad5574d8fbe8b92690bd4b02c,INZ,Grade 4
6fa9eecfe74547f49c9adf98262f25cd,INZ,Grade 4
d1b6b7252e574e1ebe6587beac5aa0de,INZ,Grade 4
d689e8c8d84f459fae3329ce15bee1f6,INZ,Grade 4
a7a0efedb0474d3287344c98eb1f6da3,INZ,Grade 4
3c38870844ea4fe8b93a40a648249f54,INZ,Grade 4
1052d3e8975545f1993068cf589f8f41,INZ,Grade 4
a134045cf5e74925a417a261ba8e8530,INZ,Grade 4
4645d632754a4302814eb2e240187fc1,INZ,Grade 4
059343f0988b489b90a6985c91140f84,INZ,Grade 4
8d434f84d46a4e88bfa664d7a7c855fb,INZ,Grade 4
9fc9c17e1b2141b6a842245f491e078e,INZ,Grade 4
34441d17accb46b683b2be590463b0b1,INZ,Grade 4
c1021942af8f4c748328da5728f9ec6f,INZ,Grade 4
fac8346d41814893a939afacd9d6049a,INZ,Grade 4
a269998454d14250892fe6a1df72b3a4,INZ,Grade 4
d309820229894703977df7b796014cb8,INZ,Grade 5
48aca95a6c78479abc754a9761bc9d92,INZ,Grade 5
b742304e31334cb6b8f4dda24acc61d7,INZ,Grade 5
4d3fe7fbb4894966b04690f0d9274960,INZ,Grade 5
f62fa36cc4304b2a9834309c953aa138,INZ,Grade 4
b8a7d3d2acea4a548e33d5850a168ef6,INZ,Grade 4
5d55e35d2ad34781b3bdb8f80afed55c,INZ,Grade 5
753afc4b18e04c3ba7054252e5ba9df4,INZ,Grade 5
9543e9a86026478da6956c8a6e47c394,INZ,Grade 5
323f056414804bffb7b4598063829a0d,INZ,Grade 5
48909c610c5b4a82971b160d0c757dc0,INZ,Grade 5
c0d3c2b829cd4ab78d697612ff85831e,INZ,Grade 5
9bd37566147c440faf7a8c75c51152f7,INZ,Grade 5
aa34c3e65a864af08d9386255a5e4916,INZ,Grade 4
63348f0b82034558b5b560a38d142811,INZ,Grade 5
6c4e0c8b3458404d9b2076902baa32aa,INZ,Grade 5
1698b494ddb643d086274a54046cc73d,INZ,Grade 5
33daa8d8498045cabb0a3e5ba5e76453,INZ,Grade 5
b002198eb106441aa9d0961b6032ebb9,INZ,Grade 5
cf6048a6d92b4284b1c0bc4c907ea9dc,INZ,Grade 5
7c9bd6b94cb24251bab6beae6a9606c0,INZ,Grade 5
bba57084b4734b94937444a8690977e0,INZ,Grade 5
d364e3c07e47465d81a1d6953c707a83,INZ,Grade 5
c648ea8d1e8c448683187dfc3beceea6,INZ,Grade 5
5c56929540ec4d58816f2f9f79b75cab,INZ,Grade 5
577fb93ba8e64404bc6abcef4f3efe5f,INZ,Grade 5
6e3d0e16afec40fba3e10d240cfcd2b4,INZ,Grade 5
d51ce79c1c35409c82723a48e84b5efa,INZ,Grade 5
420139731c424d19975eb8303fe749e0,INZ,Grade 5
ca2f9ba766e9488c875bfd3fd22280c6,INZ,Grade 5
3be550d36264438b97ecf69c259f990d,INZ,Grade 5
5f193777da7e48bb86081aa82375b420,INZ,Grade 5
80a16374f3464d51a57252bdf335c1dd,INZ,Grade 5
51dc4e25338e4a059094e537f96b3700,INZ,Grade 5
eb52c24185f34728a6d17bad3f7a714b,INZ,Grade 6
59b0ac3ef7db4f8aad6eea608746918b,INZ,Grade 6
710fd1061a7a47c08169ed6f2a8dae6a,INZ,Grade 6
5c6260e193d14dbcb09b98da4ea27ed0,INZ,Grade 6
1b39251e97954a55a9979836d426ea36,INZ,Grade 6
65d5b69c110040d3b2233bc993d0aac1,INZ,Grade 6
9f106e1c7a714e8f80ba07d517b34784,INZ,Grade 6
1ceecd3d2bcf4544a677c56569e11ae2,INZ,Grade 6
73e10c1b42364ed5809095b833e6e88b,INZ,Grade 6
e887ba807a7f4361ad2544ea92f03221,INZ,Grade 6
0cc5c67476b9481693d4a6dae8ba3328,INZ,Grade 6
e1f74740d6c0448784e360fecabe18bb,INZ,Grade 6
276bc4a0b7824c15af07c49b864917e7,INZ,Grade 6
202c27fc109c4452847c7011df354ce0,INZ,Grade 6
4f1c2386462d42dcb29c6443b2d6ff0a,INZ,Grade 6
d44cfdf7ef924318ab847f2122332b0f,INZ,Grade 6
80aaec5f9fcf475881935a9e5dace4ef,INZ,Grade 6
41fcb30b56f644278ac8639ebfb78d86,INZ,Grade 6
ad6ec330c47141649353b98e58118dba,INZ,Grade 6
ea5f7b7ecef44c58928f6f32cbb6fe44,INZ,Grade 6
6cca08e41e3a4f2489ee90fbddf25ac3,INZ,Grade 6
033d6a760efa4f9790c30e967b5e94dc,INZ,Grade 6
ae001de5c6024b23b095f0233249ea5c,INZ,Grade 6
3de514c319ea40dda4c4768fe08eed0b,INZ,Grade 6
3339250f2302435b9c5237e028576380,INZ,Grade 6
670fb62dc7c24b238aa17d4d3cc0ca95,INZ,Grade 6
3a22f48a32ae4c25a5b1138924707a50,INZ,Grade 6
ae9a1728da8044df82272ba205f5a2a0,INZ,Grade 6
f53087687a044170b43715d0396dc9bc,INZ,Grade 4
b24b1cae08db4d23af6a9797487a1299,INZ,Grade 6
34efb59442d74e0fa7cdc556d1bd1456,INZ,Grade 6
38b9cc7879e04777b95340972bfae15e,INZ,Grade 6
aa1a235deb794cc89ff925ed51d10b78,INZ,Grade 6
00abbe4b781c4b1fbee5e33e655f5d89,INZ,Grade 6
7d015295994e4ab1b420ac2428737088,INZ,Grade 6
1983a0e85fc4efcdc1165d2165859b82,INZ,Grade 4
f340360b875549a0badf212e74d25858,INZ,Grade 6
d663c4d27394f8cf5034b9ea2c1dbd10,INZ,Grade 4
e3fbbe5d19ee0092061b9befe3607f4b,INZ,Grade 4
01e2269db1f09c681e16f6a7de4550df,INZ,Grade 4
5b2c6eeb4345fb88bd94102c94046994,INZ,Grade 5
66c40442f16940ef8cb74fc850683d11,INZ,Grade 5
f9c3d08844466715843be0431885ba00,INZ,Grade 6
077a34737be549b1959ddb688c01c9e3,INZ,Grade 6
a18cda45a8f9d7f7d53174d313b6f15e,INZ,Grade 4
47c8bafe1045a963304749a4e4a653df,INZ,Grade 6
105a20a106664bcca21ccac510f1f2bd,INZ,Grade 6
7b1fce05dc5cb2fc24055510f3bc9e6b,INZ,Grade 4
f8eb533c24c343118acff3da1b995b97,INZ,Grade 5
5f8e0e7e2e001a1ca104f57745be9c77,INZ,Grade 4
330f684ada09dc509656f61318cbf98f,INZ,Grade 5
fdb8bff266d7a82ec8e0df49ee917a82,INZ,Grade 5
88b6b8b2662186ed74eb75989bbe759b,INZ,Grade 5
92cc227f0a6e9864df0acc82e8c6aa83,INZ,Grade 5
6261d41ba73c4eff8825f3cee5752db5,INZ,Grade 5
2ab1910b45404ca4bdf61d464192372d,INZ,Grade 6
fbdbdf9d550d48639eed186d7f608a15,INZ,Grade 4
ef960a3db2354cfdb7bd2c5effbdd982,INZ,Grade 6
468329fe89f7f40fff6717ef23d9b846,INZ,Grade 6
eb4e2a2dbc2dc7d1aca5ced189736aa6,INZ,Grade 6
d84ed4f274e78640e08c7f6f8383a1d9,INZ,Grade 5
30cdd74607aefaf84fcb91a27034dea4,INZ,Grade 6
2e06879bb27d75863ee07551d7d6b854,INZ,Grade 5
6b17f0387911c09f5684db51f423e1b6,INZ,Grade 4
6a498e498865a163dc375dc13ad0e12e,INZ,Grade 5
7674b48e1b4467c22b63c3add8d56a2f,INZ,Grade 5
b3ba8e81e2f66ff2bb9bc3f7cb13561f,INZ,Grade 5
98a9447dde5044d79a3819f131ad3331,INZ,Grade 6
3dd1dff506444210b91a3cd97dcdc687,INZ,Grade 5
64e0bc4f3f73d2b0c31a61d962b9c9bf,INZ,Grade 5
5aed05901d02455483f7331595f4d5be,INZ,Grade 6
963add43ab01ade866d2fa88ac38fd8d,INZ,Grade 5
d80b14d9dba448969604de92b4bdcf42,INZ,Grade 4
bc87e4f949015dd8ba614ebd1794c74c,INZ,Grade 5
91f5010c60874a749760903299da37e7,INZ,Grade 4
622d14ecfb36444f919717af8bcfb7c2,INZ,Grade 4
cb569578eaa8427493b4927165bafa46,INZ,Grade 4
ac4a412d0d1c4407bf509a8e3840aea6,INZ,Grade 4
d41930a2f47c411a8012c18798794443,INZ,Grade 6
5c1da513219cb05c2094b84edf0b72a4,INZ,Grade 6
3166e05dfe17e0c95cfb6064989cb28d,INZ,Grade 6
6161fa52749c452da6b54c39da880254,INZ,Grade 5
719d2838f06a1d04dc5034ad94631306,INZ,Grade 6
8b78d36115b64157be523b9b1f923745,INZ,Grade 4
7cff59545bde45a2866fa99c7b8c2120,INZ,Grade 4
ae1d9d60c9d935f97d145bbe2873b2e8,INZ,Grade 6
1c065810abe9481c91195ce098e3642b,INZ,Grade 5
c272da161915e021a3fcd6f1032a7864,INZ,Grade 6
9f5d452329384632fa29069fcea4efcc,INZ,Grade 6
8903512b988b4a67a83c7bb26a436823,INZ,Grade 5
632ea31af7da447fbd6086df6fec1bda,INZ,Grade 6
3d2e643dff35466ebe359c2ad287cdc4,INZ,Grade 5
af33a1b51ca5abef070e56c3092acb37,INZ,Grade 6
8c841189b55a4ab89fbacd93a4ab8706,INZ,Grade 5
1a6d6f29c7e66925b536f06281d234c8,INZ,Grade 6
e7f5689adad64f47aceb751784917480,INZ,Grade 4
0be4dd17bc9e48609623e5f9dd59386d,INZ,Grade 4
6fa21ea13a90b621fe76d5f8759f7818,INZ,Grade 4
b96bff55a1c14d55af6b815676b6f69e,INZ,Grade 5
e9778145aa2142a28a37b188bc829d41,INZ,Grade 6
8916469d8aa5419ea03c4e2dc87a1c90,INZ,Grade 4
e41eca22de3a4c20a9c90b03a9a53c3a,INZ,Grade 4
bb42093cf01a48748a91d9aae7bfbf7d,INZ,Grade 4
ec7176b112d74310a52784513cc5d5d2,INZ,Grade 5
2cff70d004b2494b9d92111cb9f7e79b,INZ,Grade 5
716a5cb94e514d36bb0ed9bb7065a966,INZ,Grade 6
dd8c5bbaeb274838a2e1425f3b53565d,INZ,Grade 4
8f1f4928bb914fc6905fc28738fab4b7,INZ,Grade 4
